episode_id,eval_seed,t,algo,method_id,candidate_rank,chosen,score,sequence,sequence_label,predicted_total_score,counterfactual_total_reward,counterfactual_terminated,counterfactual_final_state_id,counterfactual_final_sofa_score
0,101444,0,azul,azul_discrete_cem,1,True,-0.30145063996315,"[5, 1, 7]","a5 [fluid 1, vaso 0] -> a1 [fluid 0, vaso 1] -> a7 [fluid 1, vaso 2]",-0.30145062982067533,0.0,False,278,12.44100580270793
0,101444,0,azul,azul_discrete_cem,2,False,-0.30446991324424744,"[23, 3, 0]","a23 [fluid 4, vaso 3] -> a3 [fluid 0, vaso 3] -> a0 [fluid 0, vaso 0]",-0.3044699258960205,0.0,False,278,12.44100580270793
0,101444,0,azul,azul_discrete_cem,3,False,-0.3107922077178955,"[23, 8, 15]","a23 [fluid 4, vaso 3] -> a8 [fluid 1, vaso 3] -> a15 [fluid 3, vaso 0]",-0.3107922316201639,0.0,False,278,12.44100580270793
0,101444,0,azul,azul_discrete_cem,4,False,-0.31449735164642334,"[17, 5, 20]","a17 [fluid 3, vaso 2] -> a5 [fluid 1, vaso 0] -> a20 [fluid 4, vaso 0]",-0.31449737114663595,0.0,False,278,12.44100580270793
0,101444,0,azul,azul_discrete_cem,5,False,-0.31725794076919556,"[10, 1, 2]","a10 [fluid 2, vaso 0] -> a1 [fluid 0, vaso 1] -> a2 [fluid 0, vaso 2]",-0.31725793198264785,0.0,False,278,12.44100580270793
0,101444,1,azul,azul_discrete_cem,1,True,-0.3076699376106262,"[10, 17, 0]","a10 [fluid 2, vaso 0] -> a17 [fluid 3, vaso 2] -> a0 [fluid 0, vaso 0]",-0.30766993515073837,0.0,False,354,9.476190476190476
0,101444,1,azul,azul_discrete_cem,2,False,-0.3096392750740051,"[10, 14, 2]","a10 [fluid 2, vaso 0] -> a14 [fluid 2, vaso 4] -> a2 [fluid 0, vaso 2]",-0.30963928871408597,0.0,False,354,9.476190476190476
0,101444,1,azul,azul_discrete_cem,3,False,-0.3196221590042114,"[11, 5, 15]","a11 [fluid 2, vaso 1] -> a5 [fluid 1, vaso 0] -> a15 [fluid 3, vaso 0]",-0.31962217543183036,0.0,False,354,9.476190476190476
0,101444,1,azul,azul_discrete_cem,4,False,-0.32169395685195923,"[15, 4, 3]","a15 [fluid 3, vaso 0] -> a4 [fluid 0, vaso 4] -> a3 [fluid 0, vaso 3]",-0.32169394719010946,0.0,False,354,9.476190476190476
0,101444,1,azul,azul_discrete_cem,5,False,-0.3226722180843353,"[12, 5, 19]","a12 [fluid 2, vaso 2] -> a5 [fluid 1, vaso 0] -> a19 [fluid 3, vaso 4]",-0.3226722104019943,0.0,False,667,8.725856697819315
0,101444,2,azul,azul_discrete_cem,1,True,-0.3050387501716614,"[5, 0, 21]","a5 [fluid 1, vaso 0] -> a0 [fluid 0, vaso 0] -> a21 [fluid 4, vaso 1]",-0.3050387755540567,1.0,True,714,0.0
0,101444,2,azul,azul_discrete_cem,2,False,-0.3079346716403961,"[5, 22, 5]","a5 [fluid 1, vaso 0] -> a22 [fluid 4, vaso 2] -> a5 [fluid 1, vaso 0]",-0.3079346675093082,1.0,True,714,0.0
0,101444,2,azul,azul_discrete_cem,3,False,-0.3092041015625,"[23, 13, 5]","a23 [fluid 4, vaso 3] -> a13 [fluid 2, vaso 3] -> a5 [fluid 1, vaso 0]",-0.30920407417539125,1.0,True,714,0.0
0,101444,2,azul,azul_discrete_cem,4,False,-0.31008732318878174,"[10, 15, 23]","a10 [fluid 2, vaso 0] -> a15 [fluid 3, vaso 0] -> a23 [fluid 4, vaso 3]",-0.31008730931359807,1.0,True,714,0.0
0,101444,2,azul,azul_discrete_cem,5,False,-0.3106074333190918,"[23, 23, 6]","a23 [fluid 4, vaso 3] -> a23 [fluid 4, vaso 3] -> a6 [fluid 1, vaso 1]",-0.31060744605759777,0.0,True,713,0.0
0,101444,3,azul,azul_discrete_cem,1,True,-0.2992057204246521,"[5, 14, 18]","a5 [fluid 1, vaso 0] -> a14 [fluid 2, vaso 4] -> a18 [fluid 3, vaso 3]",-0.2992057104124555,1.0,True,714,0.0
0,101444,3,azul,azul_discrete_cem,2,False,-0.3033871054649353,"[23, 10, 0]","a23 [fluid 4, vaso 3] -> a10 [fluid 2, vaso 0] -> a0 [fluid 0, vaso 0]",-0.3033871041823538,0.0,True,713,0.0
0,101444,3,azul,azul_discrete_cem,3,False,-0.30414941906929016,"[10, 7, 9]","a10 [fluid 2, vaso 0] -> a7 [fluid 1, vaso 2] -> a9 [fluid 1, vaso 4]",-0.30414942801787903,1.0,True,714,0.0
0,101444,3,azul,azul_discrete_cem,4,False,-0.30832862854003906,"[5, 17, 21]","a5 [fluid 1, vaso 0] -> a17 [fluid 3, vaso 2] -> a21 [fluid 4, vaso 1]",-0.30832862065688493,0.0,False,698,7.838068181818182
0,101444,3,azul,azul_discrete_cem,5,False,-0.31050819158554077,"[17, 23, 14]","a17 [fluid 3, vaso 2] -> a23 [fluid 4, vaso 3] -> a14 [fluid 2, vaso 4]",-0.3105081902145767,1.0,True,714,0.0
0,101444,4,azul,azul_discrete_cem,1,True,-0.30826571583747864,"[5, 3, 18]","a5 [fluid 1, vaso 0] -> a3 [fluid 0, vaso 3] -> a18 [fluid 3, vaso 3]",-0.3082657091501875,1.0,True,714,0.0
0,101444,4,azul,azul_discrete_cem,2,False,-0.31581470370292664,"[5, 12, 0]","a5 [fluid 1, vaso 0] -> a12 [fluid 2, vaso 2] -> a0 [fluid 0, vaso 0]",-0.3158147003396197,1.0,True,714,0.0
0,101444,4,azul,azul_discrete_cem,3,False,-0.318744421005249,"[17, 5, 19]","a17 [fluid 3, vaso 2] -> a5 [fluid 1, vaso 0] -> a19 [fluid 3, vaso 4]",-0.3187444093859996,0.0,True,713,0.0
0,101444,4,azul,azul_discrete_cem,4,False,-0.3191186487674713,"[17, 1, 7]","a17 [fluid 3, vaso 2] -> a1 [fluid 0, vaso 1] -> a7 [fluid 1, vaso 2]",-0.3191186421986816,0.0,False,705,7.844178082191781
0,101444,4,azul,azul_discrete_cem,5,False,-0.3200070858001709,"[10, 2, 5]","a10 [fluid 2, vaso 0] -> a2 [fluid 0, vaso 2] -> a5 [fluid 1, vaso 0]",-0.3200070742454736,1.0,True,714,0.0
1,100817,0,azul,azul_discrete_cem,1,True,-0.28678572177886963,"[5, 10, 8]","a5 [fluid 1, vaso 0] -> a10 [fluid 2, vaso 0] -> a8 [fluid 1, vaso 3]",-0.28678571854078994,0.0,False,463,7.432432432432432
1,100817,0,azul,azul_discrete_cem,2,False,-0.29521000385284424,"[5, 6, 14]","a5 [fluid 1, vaso 0] -> a6 [fluid 1, vaso 1] -> a14 [fluid 2, vaso 4]",-0.2952100158595519,0.0,False,463,7.432432432432432
1,100817,0,azul,azul_discrete_cem,3,False,-0.29716756939888,"[23, 5, 9]","a23 [fluid 4, vaso 3] -> a5 [fluid 1, vaso 0] -> a9 [fluid 1, vaso 4]",-0.2971675970092178,0.0,False,463,7.432432432432432
1,100817,0,azul,azul_discrete_cem,4,False,-0.29866865277290344,"[23, 8, 3]","a23 [fluid 4, vaso 3] -> a8 [fluid 1, vaso 3] -> a3 [fluid 0, vaso 3]",-0.29866867953938114,0.0,False,463,7.432432432432432
1,100817,0,azul,azul_discrete_cem,5,False,-0.3005397319793701,"[10, 15, 8]","a10 [fluid 2, vaso 0] -> a15 [fluid 3, vaso 0] -> a8 [fluid 1, vaso 3]",-0.3005397314787213,0.0,False,463,7.432432432432432
1,100817,1,azul,azul_discrete_cem,1,True,-0.28897541761398315,"[10, 7, 17]","a10 [fluid 2, vaso 0] -> a7 [fluid 1, vaso 2] -> a17 [fluid 3, vaso 2]",-0.2889754091556321,0.0,False,463,7.432432432432432
1,100817,1,azul,azul_discrete_cem,2,False,-0.29962241649627686,"[5, 6, 4]","a5 [fluid 1, vaso 0] -> a6 [fluid 1, vaso 1] -> a4 [fluid 0, vaso 4]",-0.2996224101363918,0.0,False,463,7.432432432432432
1,100817,1,azul,azul_discrete_cem,3,False,-0.2996969223022461,"[23, 18, 10]","a23 [fluid 4, vaso 3] -> a18 [fluid 3, vaso 3] -> a10 [fluid 2, vaso 0]",-0.2996969359988251,0.0,False,551,6.628289473684211
1,100817,1,azul,azul_discrete_cem,4,False,-0.30423158407211304,"[5, 19, 1]","a5 [fluid 1, vaso 0] -> a19 [fluid 3, vaso 4] -> a1 [fluid 0, vaso 1]",-0.3042316138074882,0.0,False,463,7.432432432432432
1,100817,1,azul,azul_discrete_cem,5,False,-0.30717000365257263,"[10, 22, 8]","a10 [fluid 2, vaso 0] -> a22 [fluid 4, vaso 2] -> a8 [fluid 1, vaso 3]",-0.30716999047535065,0.0,False,482,2.498154981549816
1,100817,2,azul,azul_discrete_cem,1,True,-0.29536086320877075,"[10, 23, 18]","a10 [fluid 2, vaso 0] -> a23 [fluid 4, vaso 3] -> a18 [fluid 3, vaso 3]",-0.29536087108808484,0.0,False,703,5.251789976133652
1,100817,2,azul,azul_discrete_cem,2,False,-0.2955041527748108,"[5, 8, 16]","a5 [fluid 1, vaso 0] -> a8 [fluid 1, vaso 3] -> a16 [fluid 3, vaso 1]",-0.29550415079891595,0.0,False,675,6.325842696629214
1,100817,2,azul,azul_discrete_cem,3,False,-0.29863524436950684,"[5, 4, 12]","a5 [fluid 1, vaso 0] -> a4 [fluid 0, vaso 4] -> a12 [fluid 2, vaso 2]",-0.2986352728554033,0.0,False,675,6.325842696629214
1,100817,2,azul,azul_discrete_cem,4,False,-0.3028467297554016,"[18, 7, 8]","a18 [fluid 3, vaso 3] -> a7 [fluid 1, vaso 2] -> a8 [fluid 1, vaso 3]",-0.302846732277774,0.0,False,675,6.325842696629214
1,100817,2,azul,azul_discrete_cem,5,False,-0.30349794030189514,"[18, 5, 8]","a18 [fluid 3, vaso 3] -> a5 [fluid 1, vaso 0] -> a8 [fluid 1, vaso 3]",-0.3034979586727703,0.0,False,675,6.325842696629214
1,100817,3,azul,azul_discrete_cem,1,True,-0.29073354601860046,"[5, 7, 3]","a5 [fluid 1, vaso 0] -> a7 [fluid 1, vaso 2] -> a3 [fluid 0, vaso 3]",-0.29073354942379936,0.0,False,703,5.251789976133652
1,100817,3,azul,azul_discrete_cem,2,False,-0.29641714692115784,"[5, 5, 11]","a5 [fluid 1, vaso 0] -> a5 [fluid 1, vaso 0] -> a11 [fluid 2, vaso 1]",-0.29641714250624374,0.0,True,713,0.0
1,100817,3,azul,azul_discrete_cem,3,False,-0.29708975553512573,"[5, 0, 0]","a5 [fluid 1, vaso 0] -> a0 [fluid 0, vaso 0] -> a0 [fluid 0, vaso 0]",-0.2970897466359802,0.0,False,703,5.251789976133652
1,100817,3,azul,azul_discrete_cem,4,False,-0.2984059154987335,"[10, 7, 14]","a10 [fluid 2, vaso 0] -> a7 [fluid 1, vaso 2] -> a14 [fluid 2, vaso 4]",-0.2984059099310309,0.0,False,709,3.1413427561837457
1,100817,3,azul,azul_discrete_cem,5,False,-0.2997239828109741,"[5, 5, 19]","a5 [fluid 1, vaso 0] -> a5 [fluid 1, vaso 0] -> a19 [fluid 3, vaso 4]",-0.299724001197235,0.0,True,713,0.0
1,100817,4,azul,azul_discrete_cem,1,True,-0.2943417429924011,"[5, 7, 1]","a5 [fluid 1, vaso 0] -> a7 [fluid 1, vaso 2] -> a1 [fluid 0, vaso 1]",-0.2943417395372657,0.0,True,713,0.0
1,100817,4,azul,azul_discrete_cem,2,False,-0.29955998063087463,"[5, 0, 18]","a5 [fluid 1, vaso 0] -> a0 [fluid 0, vaso 0] -> a18 [fluid 3, vaso 3]",-0.29955997635832593,0.0,True,713,0.0
1,100817,4,azul,azul_discrete_cem,3,False,-0.3017175495624542,"[10, 5, 8]","a10 [fluid 2, vaso 0] -> a5 [fluid 1, vaso 0] -> a8 [fluid 1, vaso 3]",-0.3017175421972606,0.0,False,486,9.58364312267658
1,100817,4,azul,azul_discrete_cem,4,False,-0.3034696578979492,"[5, 12, 7]","a5 [fluid 1, vaso 0] -> a12 [fluid 2, vaso 2] -> a7 [fluid 1, vaso 2]",-0.303469656911739,0.0,True,713,0.0
1,100817,4,azul,azul_discrete_cem,5,False,-0.3047275245189667,"[5, 11, 10]","a5 [fluid 1, vaso 0] -> a11 [fluid 2, vaso 1] -> a10 [fluid 2, vaso 0]",-0.3047275216319779,0.0,True,713,0.0
2,100984,0,azul,azul_discrete_cem,1,True,-0.29898005723953247,"[7, 17, 5]","a7 [fluid 1, vaso 2] -> a17 [fluid 3, vaso 2] -> a5 [fluid 1, vaso 0]",-0.29898005007523354,1.0,True,714,0.0
2,100984,0,azul,azul_discrete_cem,2,False,-0.3050639033317566,"[7, 14, 24]","a7 [fluid 1, vaso 2] -> a14 [fluid 2, vaso 4] -> a24 [fluid 4, vaso 4]",-0.3050638973345212,1.0,True,714,0.0
2,100984,0,azul,azul_discrete_cem,3,False,-0.30873867869377136,"[7, 1, 13]","a7 [fluid 1, vaso 2] -> a1 [fluid 0, vaso 1] -> a13 [fluid 2, vaso 3]",-0.3087386797440742,1.0,True,714,0.0
2,100984,0,azul,azul_discrete_cem,4,False,-0.30920830368995667,"[18, 7, 3]","a18 [fluid 3, vaso 3] -> a7 [fluid 1, vaso 2] -> a3 [fluid 0, vaso 3]",-0.3092083038360368,0.0,False,710,1.965725806451613
2,100984,0,azul,azul_discrete_cem,5,False,-0.3099859356880188,"[8, 10, 0]","a8 [fluid 1, vaso 3] -> a10 [fluid 2, vaso 0] -> a0 [fluid 0, vaso 0]",-0.3099859385424184,1.0,True,714,0.0
2,100984,1,azul,azul_discrete_cem,1,True,-0.30070972442626953,"[5, 3, 0]","a5 [fluid 1, vaso 0] -> a3 [fluid 0, vaso 3] -> a0 [fluid 0, vaso 0]",-0.30070971878737196,0.0,False,398,4.359567901234568
2,100984,1,azul,azul_discrete_cem,2,False,-0.30667364597320557,"[5, 10, 2]","a5 [fluid 1, vaso 0] -> a10 [fluid 2, vaso 0] -> a2 [fluid 0, vaso 2]",-0.306673642900829,0.0,False,315,4.86070215175538
2,100984,1,azul,azul_discrete_cem,3,False,-0.31264612078666687,"[7, 9, 1]","a7 [fluid 1, vaso 2] -> a9 [fluid 1, vaso 4] -> a1 [fluid 0, vaso 1]",-0.31264609650620523,0.0,False,398,4.359567901234568
2,100984,1,azul,azul_discrete_cem,4,False,-0.3147600591182709,"[10, 8, 1]","a10 [fluid 2, vaso 0] -> a8 [fluid 1, vaso 3] -> a1 [fluid 0, vaso 1]",-0.3147600456255072,1.0,True,714,0.0
2,100984,1,azul,azul_discrete_cem,5,False,-0.3148665130138397,"[8, 14, 11]","a8 [fluid 1, vaso 3] -> a14 [fluid 2, vaso 4] -> a11 [fluid 2, vaso 1]",-0.3148665141716967,1.0,True,714,0.0
2,100984,2,azul,azul_discrete_cem,1,True,-0.3047718405723572,"[5, 14, 0]","a5 [fluid 1, vaso 0] -> a14 [fluid 2, vaso 4] -> a0 [fluid 0, vaso 0]",-0.30477182386438995,1.0,True,714,0.0
2,100984,2,azul,azul_discrete_cem,2,False,-0.3086944818496704,"[5, 0, 17]","a5 [fluid 1, vaso 0] -> a0 [fluid 0, vaso 0] -> a17 [fluid 3, vaso 2]",-0.30869449788839676,1.0,True,714,0.0
2,100984,2,azul,azul_discrete_cem,3,False,-0.31298166513442993,"[5, 10, 24]","a5 [fluid 1, vaso 0] -> a10 [fluid 2, vaso 0] -> a24 [fluid 4, vaso 4]",-0.3129816611631404,1.0,True,714,0.0
2,100984,2,azul,azul_discrete_cem,4,False,-0.3139214515686035,"[5, 8, 12]","a5 [fluid 1, vaso 0] -> a8 [fluid 1, vaso 3] -> a12 [fluid 2, vaso 2]",-0.31392146523434705,1.0,True,714,0.0
2,100984,2,azul,azul_discrete_cem,5,False,-0.3142962157726288,"[10, 0, 3]","a10 [fluid 2, vaso 0] -> a0 [fluid 0, vaso 0] -> a3 [fluid 0, vaso 3]",-0.3142962005493329,0.0,False,315,4.86070215175538
3,101467,0,azul,azul_discrete_cem,1,True,-0.3093039095401764,"[10, 7, 9]","a10 [fluid 2, vaso 0] -> a7 [fluid 1, vaso 2] -> a9 [fluid 1, vaso 4]",-0.30930387893587724,0.0,False,628,3.5256673511293632
3,101467,0,azul,azul_discrete_cem,2,False,-0.3147027790546417,"[10, 10, 2]","a10 [fluid 2, vaso 0] -> a10 [fluid 2, vaso 0] -> a2 [fluid 0, vaso 2]",-0.3147027796977906,0.0,False,511,3.4950980392156863
3,101467,0,azul,azul_discrete_cem,3,False,-0.3160649538040161,"[5, 11, 10]","a5 [fluid 1, vaso 0] -> a11 [fluid 2, vaso 1] -> a10 [fluid 2, vaso 0]",-0.31606493854189216,0.0,True,713,0.0
3,101467,0,azul,azul_discrete_cem,4,False,-0.31797903776168823,"[15, 5, 0]","a15 [fluid 3, vaso 0] -> a5 [fluid 1, vaso 0] -> a0 [fluid 0, vaso 0]",-0.3179790274428903,1.0,True,714,0.0
3,101467,0,azul,azul_discrete_cem,5,False,-0.3218134343624115,"[10, 15, 21]","a10 [fluid 2, vaso 0] -> a15 [fluid 3, vaso 0] -> a21 [fluid 4, vaso 1]",-0.32181343158538406,0.0,False,628,3.5256673511293632
3,101467,1,azul,azul_discrete_cem,1,True,-0.30890631675720215,"[10, 17, 7]","a10 [fluid 2, vaso 0] -> a17 [fluid 3, vaso 2] -> a7 [fluid 1, vaso 2]",-0.30890632412281865,0.0,False,561,4.961325966850829
3,101467,1,azul,azul_discrete_cem,2,False,-0.31120455265045166,"[5, 10, 24]","a5 [fluid 1, vaso 0] -> a10 [fluid 2, vaso 0] -> a24 [fluid 4, vaso 4]",-0.3112045564656549,0.0,False,622,10.152592592592592
3,101467,1,azul,azul_discrete_cem,3,False,-0.3122248947620392,"[5, 3, 24]","a5 [fluid 1, vaso 0] -> a3 [fluid 0, vaso 3] -> a24 [fluid 4, vaso 4]",-0.31222491173998007,0.0,False,628,3.5256673511293632
3,101467,1,azul,azul_discrete_cem,4,False,-0.3137979805469513,"[5, 4, 18]","a5 [fluid 1, vaso 0] -> a4 [fluid 0, vaso 4] -> a18 [fluid 3, vaso 3]",-0.3137980061393367,0.0,False,628,3.5256673511293632
3,101467,1,azul,azul_discrete_cem,5,False,-0.3143847584724426,"[10, 1, 0]","a10 [fluid 2, vaso 0] -> a1 [fluid 0, vaso 1] -> a0 [fluid 0, vaso 0]",-0.31438477437927165,0.0,False,561,4.961325966850829
3,101467,2,azul,azul_discrete_cem,1,True,-0.3163612484931946,"[5, 0, 0]","a5 [fluid 1, vaso 0] -> a0 [fluid 0, vaso 0] -> a0 [fluid 0, vaso 0]",-0.3163612005789735,0.0,False,661,3.972932330827068
3,101467,2,azul,azul_discrete_cem,2,False,-0.3173931837081909,"[10, 5, 0]","a10 [fluid 2, vaso 0] -> a5 [fluid 1, vaso 0] -> a0 [fluid 0, vaso 0]",-0.3173931715442646,0.0,False,633,3.976991150442478
3,101467,2,azul,azul_discrete_cem,3,False,-0.31920337677001953,"[5, 3, 4]","a5 [fluid 1, vaso 0] -> a3 [fluid 0, vaso 3] -> a4 [fluid 0, vaso 4]",-0.3192033448963832,0.0,False,661,3.972932330827068
3,101467,2,azul,azul_discrete_cem,4,False,-0.32072556018829346,"[5, 10, 9]","a5 [fluid 1, vaso 0] -> a10 [fluid 2, vaso 0] -> a9 [fluid 1, vaso 4]",-0.32072552710145885,0.0,False,661,3.972932330827068
3,101467,2,azul,azul_discrete_cem,5,False,-0.32698068022727966,"[5, 15, 11]","a5 [fluid 1, vaso 0] -> a15 [fluid 3, vaso 0] -> a11 [fluid 2, vaso 1]",-0.3269806687888973,0.0,False,661,3.972932330827068
3,101467,3,azul,azul_discrete_cem,1,True,-0.3078942596912384,"[5, 10, 23]","a5 [fluid 1, vaso 0] -> a10 [fluid 2, vaso 0] -> a23 [fluid 4, vaso 3]",-0.30789423927882253,0.0,True,713,0.0
3,101467,3,azul,azul_discrete_cem,2,False,-0.31340494751930237,"[10, 5, 12]","a10 [fluid 2, vaso 0] -> a5 [fluid 1, vaso 0] -> a12 [fluid 2, vaso 2]",-0.3134049464675044,0.0,True,713,0.0
3,101467,3,azul,azul_discrete_cem,3,False,-0.31743207573890686,"[5, 11, 14]","a5 [fluid 1, vaso 0] -> a11 [fluid 2, vaso 1] -> a14 [fluid 2, vaso 4]",-0.3174320662159139,0.0,False,707,5.6415094339622645
3,101467,3,azul,azul_discrete_cem,4,False,-0.31804320216178894,"[10, 23, 13]","a10 [fluid 2, vaso 0] -> a23 [fluid 4, vaso 3] -> a13 [fluid 2, vaso 3]",-0.318043208660563,0.0,False,707,5.6415094339622645
3,101467,3,azul,azul_discrete_cem,5,False,-0.3205387592315674,"[5, 11, 17]","a5 [fluid 1, vaso 0] -> a11 [fluid 2, vaso 1] -> a17 [fluid 3, vaso 2]",-0.32053873824650575,0.0,False,707,5.6415094339622645
3,101467,4,azul,azul_discrete_cem,1,True,-0.3050595223903656,"[5, 14, 7]","a5 [fluid 1, vaso 0] -> a14 [fluid 2, vaso 4] -> a7 [fluid 1, vaso 2]",-0.30505951322039554,0.0,True,713,0.0
3,101467,4,azul,azul_discrete_cem,2,False,-0.307709664106369,"[5, 5, 4]","a5 [fluid 1, vaso 0] -> a5 [fluid 1, vaso 0] -> a4 [fluid 0, vaso 4]",-0.30770965962099606,1.0,True,714,0.0
3,101467,4,azul,azul_discrete_cem,3,False,-0.3099438548088074,"[10, 5, 8]","a10 [fluid 2, vaso 0] -> a5 [fluid 1, vaso 0] -> a8 [fluid 1, vaso 3]",-0.3099438722071288,1.0,True,714,0.0
3,101467,4,azul,azul_discrete_cem,4,False,-0.31262317299842834,"[5, 1, 5]","a5 [fluid 1, vaso 0] -> a1 [fluid 0, vaso 1] -> a5 [fluid 1, vaso 0]",-0.31262316642468235,0.0,True,713,0.0
3,101467,4,azul,azul_discrete_cem,5,False,-0.3142084777355194,"[5, 3, 12]","a5 [fluid 1, vaso 0] -> a3 [fluid 0, vaso 3] -> a12 [fluid 2, vaso 2]",-0.3142084611158027,0.0,True,713,0.0
3,101467,5,azul,azul_discrete_cem,1,True,-0.30501872301101685,"[5, 7, 8]","a5 [fluid 1, vaso 0] -> a7 [fluid 1, vaso 2] -> a8 [fluid 1, vaso 3]",-0.3050186835565474,1.0,True,714,0.0
3,101467,5,azul,azul_discrete_cem,2,False,-0.31121760606765747,"[5, 10, 4]","a5 [fluid 1, vaso 0] -> a10 [fluid 2, vaso 0] -> a4 [fluid 0, vaso 4]",-0.31121758107483166,1.0,True,714,0.0
3,101467,5,azul,azul_discrete_cem,3,False,-0.3147527873516083,"[10, 5, 17]","a10 [fluid 2, vaso 0] -> a5 [fluid 1, vaso 0] -> a17 [fluid 3, vaso 2]",-0.3147527792636137,0.0,True,713,0.0
3,101467,5,azul,azul_discrete_cem,4,False,-0.3152081072330475,"[5, 8, 4]","a5 [fluid 1, vaso 0] -> a8 [fluid 1, vaso 3] -> a4 [fluid 0, vaso 4]",-0.3152080846443595,1.0,True,714,0.0
3,101467,5,azul,azul_discrete_cem,5,False,-0.31695982813835144,"[10, 5, 13]","a10 [fluid 2, vaso 0] -> a5 [fluid 1, vaso 0] -> a13 [fluid 2, vaso 3]",-0.31695982686120344,0.0,True,713,0.0
0,101444,0,vermelho,vermelho_discrete_cem,1,True,1.2540236711502075,"[5, 8, 8]","a5 [fluid 1, vaso 0] -> a8 [fluid 1, vaso 3] -> a8 [fluid 1, vaso 3]",1.2540237018519511,0.0,False,278,12.44100580270793
0,101444,0,vermelho,vermelho_discrete_cem,2,False,1.171669363975525,"[22, 14, 3]","a22 [fluid 4, vaso 2] -> a14 [fluid 2, vaso 4] -> a3 [fluid 0, vaso 3]",1.1716694499387865,0.0,False,278,12.44100580270793
0,101444,0,vermelho,vermelho_discrete_cem,3,False,1.1086331605911255,"[18, 8, 12]","a18 [fluid 3, vaso 3] -> a8 [fluid 1, vaso 3] -> a12 [fluid 2, vaso 2]",1.1086332419689653,0.0,False,278,12.44100580270793
0,101444,0,vermelho,vermelho_discrete_cem,4,False,1.0494740009307861,"[11, 8, 3]","a11 [fluid 2, vaso 1] -> a8 [fluid 1, vaso 3] -> a3 [fluid 0, vaso 3]",1.049473958163551,0.0,False,278,12.44100580270793
0,101444,0,vermelho,vermelho_discrete_cem,5,False,0.974920392036438,"[22, 20, 0]","a22 [fluid 4, vaso 2] -> a20 [fluid 4, vaso 0] -> a0 [fluid 0, vaso 0]",0.9749204548841356,0.0,False,283,9.935779816513762
0,101444,1,vermelho,vermelho_discrete_cem,1,True,1.1184481382369995,"[22, 2, 18]","a22 [fluid 4, vaso 2] -> a2 [fluid 0, vaso 2] -> a18 [fluid 3, vaso 3]",1.1184482347688474,0.0,False,397,9.66909090909091
0,101444,1,vermelho,vermelho_discrete_cem,2,False,1.0159294605255127,"[22, 3, 20]","a22 [fluid 4, vaso 2] -> a3 [fluid 0, vaso 3] -> a20 [fluid 4, vaso 0]",1.0159295296090507,0.0,False,453,12.127610208816703
0,101444,1,vermelho,vermelho_discrete_cem,3,False,0.9428045153617859,"[22, 0, 1]","a22 [fluid 4, vaso 2] -> a0 [fluid 0, vaso 0] -> a1 [fluid 0, vaso 1]",0.9428046264976776,0.0,False,354,9.476190476190476
0,101444,1,vermelho,vermelho_discrete_cem,4,False,0.7938812971115112,"[21, 10, 8]","a21 [fluid 4, vaso 1] -> a10 [fluid 2, vaso 0] -> a8 [fluid 1, vaso 3]",0.7938812924132046,0.0,False,354,9.476190476190476
0,101444,1,vermelho,vermelho_discrete_cem,5,False,0.7851643562316895,"[20, 2, 4]","a20 [fluid 4, vaso 0] -> a2 [fluid 0, vaso 2] -> a4 [fluid 0, vaso 4]",0.7851644198394062,0.0,False,283,9.935779816513762
0,101444,2,vermelho,vermelho_discrete_cem,1,True,1.036830186843872,"[11, 8, 20]","a11 [fluid 2, vaso 1] -> a8 [fluid 1, vaso 3] -> a20 [fluid 4, vaso 0]",1.0368301351791287,1.0,True,714,0.0
0,101444,2,vermelho,vermelho_discrete_cem,2,False,1.0240132808685303,"[22, 24, 10]","a22 [fluid 4, vaso 2] -> a24 [fluid 4, vaso 4] -> a10 [fluid 2, vaso 0]",1.0240133563709215,1.0,True,714,0.0
0,101444,2,vermelho,vermelho_discrete_cem,3,False,1.003334879875183,"[22, 18, 3]","a22 [fluid 4, vaso 2] -> a18 [fluid 3, vaso 3] -> a3 [fluid 0, vaso 3]",1.003334960617651,1.0,True,714,0.0
0,101444,2,vermelho,vermelho_discrete_cem,4,False,0.9345399141311646,"[22, 13, 1]","a22 [fluid 4, vaso 2] -> a13 [fluid 2, vaso 3] -> a1 [fluid 0, vaso 1]",0.9345399965009198,1.0,True,714,0.0
0,101444,2,vermelho,vermelho_discrete_cem,5,False,0.9166651964187622,"[22, 23, 20]","a22 [fluid 4, vaso 2] -> a23 [fluid 4, vaso 3] -> a20 [fluid 4, vaso 0]",0.9166653036579795,0.0,True,713,0.0
0,101444,3,vermelho,vermelho_discrete_cem,1,True,1.1680231094360352,"[12, 8, 3]","a12 [fluid 2, vaso 2] -> a8 [fluid 1, vaso 3] -> a3 [fluid 0, vaso 3]",1.1680230538785232,1.0,True,714,0.0
0,101444,3,vermelho,vermelho_discrete_cem,2,False,1.0976845026016235,"[22, 2, 1]","a22 [fluid 4, vaso 2] -> a2 [fluid 0, vaso 2] -> a1 [fluid 0, vaso 1]",1.0976845863825855,1.0,True,714,0.0
0,101444,3,vermelho,vermelho_discrete_cem,3,False,1.005119800567627,"[22, 15, 14]","a22 [fluid 4, vaso 2] -> a15 [fluid 3, vaso 0] -> a14 [fluid 2, vaso 4]",1.0051199357613272,0.0,False,693,9.256281407035177
0,101444,3,vermelho,vermelho_discrete_cem,4,False,0.9686198234558105,"[22, 20, 1]","a22 [fluid 4, vaso 2] -> a20 [fluid 4, vaso 0] -> a1 [fluid 0, vaso 1]",0.9686198344123725,1.0,True,714,0.0
0,101444,3,vermelho,vermelho_discrete_cem,5,False,0.9273895621299744,"[22, 23, 3]","a22 [fluid 4, vaso 2] -> a23 [fluid 4, vaso 3] -> a3 [fluid 0, vaso 3]",0.9273896610617051,1.0,True,714,0.0
0,101444,4,vermelho,vermelho_discrete_cem,1,True,1.1348782777786255,"[12, 8, 11]","a12 [fluid 2, vaso 2] -> a8 [fluid 1, vaso 3] -> a11 [fluid 2, vaso 1]",1.1348782297465543,1.0,True,714,0.0
0,101444,4,vermelho,vermelho_discrete_cem,2,False,0.996302604675293,"[22, 12, 11]","a22 [fluid 4, vaso 2] -> a12 [fluid 2, vaso 2] -> a11 [fluid 2, vaso 1]",0.9963026650415374,1.0,True,714,0.0
0,101444,4,vermelho,vermelho_discrete_cem,3,False,0.9715139865875244,"[22, 18, 6]","a22 [fluid 4, vaso 2] -> a18 [fluid 3, vaso 3] -> a6 [fluid 1, vaso 1]",0.9715140396464925,1.0,True,714,0.0
0,101444,4,vermelho,vermelho_discrete_cem,4,False,0.9053993225097656,"[22, 7, 0]","a22 [fluid 4, vaso 2] -> a7 [fluid 1, vaso 2] -> a0 [fluid 0, vaso 0]",0.905399421390126,1.0,True,714,0.0
0,101444,4,vermelho,vermelho_discrete_cem,5,False,0.902868390083313,"[22, 16, 17]","a22 [fluid 4, vaso 2] -> a16 [fluid 3, vaso 1] -> a17 [fluid 3, vaso 2]",0.9028684771072364,1.0,True,714,0.0
1,100817,0,vermelho,vermelho_discrete_cem,1,True,1.3249839544296265,"[18, 8, 8]","a18 [fluid 3, vaso 3] -> a8 [fluid 1, vaso 3] -> a8 [fluid 1, vaso 3]",1.3249839248259283,0.0,False,463,7.432432432432432
1,100817,0,vermelho,vermelho_discrete_cem,2,False,1.0500229597091675,"[10, 8, 10]","a10 [fluid 2, vaso 0] -> a8 [fluid 1, vaso 3] -> a10 [fluid 2, vaso 0]",1.0500229328960577,0.0,False,463,7.432432432432432
1,100817,0,vermelho,vermelho_discrete_cem,3,False,1.0265827178955078,"[11, 8, 0]","a11 [fluid 2, vaso 1] -> a8 [fluid 1, vaso 3] -> a0 [fluid 0, vaso 0]",1.0265827442565663,0.0,False,463,7.432432432432432
1,100817,0,vermelho,vermelho_discrete_cem,4,False,0.9907300472259521,"[22, 3, 4]","a22 [fluid 4, vaso 2] -> a3 [fluid 0, vaso 3] -> a4 [fluid 0, vaso 4]",0.9907300131747256,0.0,False,463,7.432432432432432
1,100817,0,vermelho,vermelho_discrete_cem,5,False,0.9219342470169067,"[24, 6, 8]","a24 [fluid 4, vaso 4] -> a6 [fluid 1, vaso 1] -> a8 [fluid 1, vaso 3]",0.9219342763410461,0.0,False,463,7.432432432432432
1,100817,1,vermelho,vermelho_discrete_cem,1,True,1.1460483074188232,"[22, 14, 0]","a22 [fluid 4, vaso 2] -> a14 [fluid 2, vaso 4] -> a0 [fluid 0, vaso 0]",1.1460483547400366,0.0,False,463,7.432432432432432
1,100817,1,vermelho,vermelho_discrete_cem,2,False,0.9439569711685181,"[22, 16, 21]","a22 [fluid 4, vaso 2] -> a16 [fluid 3, vaso 1] -> a21 [fluid 4, vaso 1]",0.943956918334957,0.0,False,579,6.325699745547074
1,100817,1,vermelho,vermelho_discrete_cem,3,False,0.9183619618415833,"[22, 10, 5]","a22 [fluid 4, vaso 2] -> a10 [fluid 2, vaso 0] -> a5 [fluid 1, vaso 0]",0.9183619445257233,0.0,False,463,7.432432432432432
1,100817,1,vermelho,vermelho_discrete_cem,4,False,0.6681127548217773,"[12, 1, 24]","a12 [fluid 2, vaso 2] -> a1 [fluid 0, vaso 1] -> a24 [fluid 4, vaso 4]",0.6681126705726821,0.0,False,463,7.432432432432432
1,100817,1,vermelho,vermelho_discrete_cem,5,False,0.6522088050842285,"[11, 20, 22]","a11 [fluid 2, vaso 1] -> a20 [fluid 4, vaso 0] -> a22 [fluid 4, vaso 2]",0.6522087497153954,0.0,False,490,5.431496062992126
1,100817,2,vermelho,vermelho_discrete_cem,1,True,0.8651013374328613,"[20, 6, 8]","a20 [fluid 4, vaso 0] -> a6 [fluid 1, vaso 1] -> a8 [fluid 1, vaso 3]",0.8651013761898103,0.0,False,703,5.251789976133652
1,100817,2,vermelho,vermelho_discrete_cem,2,False,0.8174005746841431,"[12, 14, 9]","a12 [fluid 2, vaso 2] -> a14 [fluid 2, vaso 4] -> a9 [fluid 1, vaso 4]",0.817400565288968,0.0,True,713,0.0
1,100817,2,vermelho,vermelho_discrete_cem,3,False,0.7605583071708679,"[24, 15, 22]","a24 [fluid 4, vaso 4] -> a15 [fluid 3, vaso 0] -> a22 [fluid 4, vaso 2]",0.7605583284354114,0.0,False,693,9.256281407035177
1,100817,2,vermelho,vermelho_discrete_cem,4,False,0.7240257859230042,"[24, 21, 3]","a24 [fluid 4, vaso 4] -> a21 [fluid 4, vaso 1] -> a3 [fluid 0, vaso 3]",0.7240257940217332,0.0,False,693,9.256281407035177
1,100817,2,vermelho,vermelho_discrete_cem,5,False,0.7097301483154297,"[21, 5, 8]","a21 [fluid 4, vaso 1] -> a5 [fluid 1, vaso 0] -> a8 [fluid 1, vaso 3]",0.7097302228780421,0.0,False,683,6.996428571428571
1,100817,3,vermelho,vermelho_discrete_cem,1,True,1.0790650844573975,"[20, 22, 8]","a20 [fluid 4, vaso 0] -> a22 [fluid 4, vaso 2] -> a8 [fluid 1, vaso 3]",1.079065099932857,1.0,True,714,0.0
1,100817,3,vermelho,vermelho_discrete_cem,2,False,1.054828405380249,"[21, 8, 12]","a21 [fluid 4, vaso 1] -> a8 [fluid 1, vaso 3] -> a12 [fluid 2, vaso 2]",1.0548284172352498,0.0,False,667,8.725856697819315
1,100817,3,vermelho,vermelho_discrete_cem,3,False,0.6643649935722351,"[20, 0, 3]","a20 [fluid 4, vaso 0] -> a0 [fluid 0, vaso 0] -> a3 [fluid 0, vaso 3]",0.6643650224535509,1.0,True,714,0.0
1,100817,3,vermelho,vermelho_discrete_cem,4,False,0.6448991298675537,"[21, 20, 14]","a21 [fluid 4, vaso 1] -> a20 [fluid 4, vaso 0] -> a14 [fluid 2, vaso 4]",0.6448991265196211,0.0,False,548,6.520833333333333
1,100817,3,vermelho,vermelho_discrete_cem,5,False,0.6399807929992676,"[20, 7, 24]","a20 [fluid 4, vaso 0] -> a7 [fluid 1, vaso 2] -> a24 [fluid 4, vaso 4]",0.6399807709159553,1.0,True,714,0.0
1,100817,4,vermelho,vermelho_discrete_cem,1,True,1.0428223609924316,"[0, 8, 18]","a0 [fluid 0, vaso 0] -> a8 [fluid 1, vaso 3] -> a18 [fluid 3, vaso 3]",1.042822290485185,1.0,True,714,0.0
1,100817,4,vermelho,vermelho_discrete_cem,2,False,0.9893028736114502,"[0, 14, 8]","a0 [fluid 0, vaso 0] -> a14 [fluid 2, vaso 4] -> a8 [fluid 1, vaso 3]",0.9893027757359922,1.0,True,714,0.0
1,100817,4,vermelho,vermelho_discrete_cem,3,False,0.9833531379699707,"[0, 8, 17]","a0 [fluid 0, vaso 0] -> a8 [fluid 1, vaso 3] -> a17 [fluid 3, vaso 2]",0.9833530161484806,1.0,True,714,0.0
1,100817,4,vermelho,vermelho_discrete_cem,4,False,0.7369163632392883,"[0, 22, 11]","a0 [fluid 0, vaso 0] -> a22 [fluid 4, vaso 2] -> a11 [fluid 2, vaso 1]",0.7369163816439408,1.0,True,714,0.0
1,100817,4,vermelho,vermelho_discrete_cem,5,False,0.7104289531707764,"[0, 24, 22]","a0 [fluid 0, vaso 0] -> a24 [fluid 4, vaso 4] -> a22 [fluid 4, vaso 2]",0.7104288883846839,1.0,True,714,0.0
2,100984,0,vermelho,vermelho_discrete_cem,1,True,1.533416748046875,"[8, 16, 24]","a8 [fluid 1, vaso 3] -> a16 [fluid 3, vaso 1] -> a24 [fluid 4, vaso 4]",1.533416776034052,1.0,True,714,0.0
2,100984,0,vermelho,vermelho_discrete_cem,2,False,1.1232101917266846,"[20, 8, 10]","a20 [fluid 4, vaso 0] -> a8 [fluid 1, vaso 3] -> a10 [fluid 2, vaso 0]",1.1232102478305683,0.0,False,705,7.844178082191781
2,100984,0,vermelho,vermelho_discrete_cem,3,False,1.0779094696044922,"[5, 8, 2]","a5 [fluid 1, vaso 0] -> a8 [fluid 1, vaso 3] -> a2 [fluid 0, vaso 2]",1.077909418048212,0.0,False,675,6.325842696629214
2,100984,0,vermelho,vermelho_discrete_cem,4,False,0.9592532515525818,"[5, 8, 15]","a5 [fluid 1, vaso 0] -> a8 [fluid 1, vaso 3] -> a15 [fluid 3, vaso 0]",0.9592532644216818,0.0,False,670,6.025145067698259
2,100984,0,vermelho,vermelho_discrete_cem,5,False,0.9003425240516663,"[15, 8, 17]","a15 [fluid 3, vaso 0] -> a8 [fluid 1, vaso 3] -> a17 [fluid 3, vaso 2]",0.9003425510803907,1.0,True,714,0.0
2,100984,1,vermelho,vermelho_discrete_cem,1,True,1.0441811084747314,"[0, 8, 20]","a0 [fluid 0, vaso 0] -> a8 [fluid 1, vaso 3] -> a20 [fluid 4, vaso 0]",1.0441810055110072,1.0,True,714,0.0
2,100984,1,vermelho,vermelho_discrete_cem,2,False,1.0189061164855957,"[0, 8, 4]","a0 [fluid 0, vaso 0] -> a8 [fluid 1, vaso 3] -> a4 [fluid 0, vaso 4]",1.0189060141755413,1.0,True,714,0.0
2,100984,1,vermelho,vermelho_discrete_cem,3,False,0.9523485898971558,"[0, 2, 8]","a0 [fluid 0, vaso 0] -> a2 [fluid 0, vaso 2] -> a8 [fluid 1, vaso 3]",0.9523484883574025,1.0,True,714,0.0
2,100984,1,vermelho,vermelho_discrete_cem,4,False,0.8619825839996338,"[0, 12, 8]","a0 [fluid 0, vaso 0] -> a12 [fluid 2, vaso 2] -> a8 [fluid 1, vaso 3]",0.8619824124006361,1.0,True,714,0.0
2,100984,1,vermelho,vermelho_discrete_cem,5,False,0.8471131324768066,"[0, 3, 8]","a0 [fluid 0, vaso 0] -> a3 [fluid 0, vaso 3] -> a8 [fluid 1, vaso 3]",0.8471130139659773,1.0,True,714,0.0
2,100984,2,vermelho,vermelho_discrete_cem,1,True,1.2701780796051025,"[0, 8, 8]","a0 [fluid 0, vaso 0] -> a8 [fluid 1, vaso 3] -> a8 [fluid 1, vaso 3]",1.2701779596147955,1.0,True,714,0.0
2,100984,2,vermelho,vermelho_discrete_cem,2,False,1.061607837677002,"[0, 8, 12]","a0 [fluid 0, vaso 0] -> a8 [fluid 1, vaso 3] -> a12 [fluid 2, vaso 2]",1.0616077714792904,1.0,True,714,0.0
2,100984,2,vermelho,vermelho_discrete_cem,3,False,0.9835250973701477,"[0, 8, 17]","a0 [fluid 0, vaso 0] -> a8 [fluid 1, vaso 3] -> a17 [fluid 3, vaso 2]",0.9835250301133202,1.0,True,714,0.0
2,100984,2,vermelho,vermelho_discrete_cem,4,False,0.8134043216705322,"[0, 10, 8]","a0 [fluid 0, vaso 0] -> a10 [fluid 2, vaso 0] -> a8 [fluid 1, vaso 3]",0.8134042068086305,1.0,True,714,0.0
2,100984,2,vermelho,vermelho_discrete_cem,5,False,0.810779333114624,"[0, 2, 14]","a0 [fluid 0, vaso 0] -> a2 [fluid 0, vaso 2] -> a14 [fluid 2, vaso 4]",0.8107793173998014,1.0,True,714,0.0
3,101467,0,vermelho,vermelho_discrete_cem,1,True,1.4084275960922241,"[22, 8, 23]","a22 [fluid 4, vaso 2] -> a8 [fluid 1, vaso 3] -> a23 [fluid 4, vaso 3]",1.4084274350801114,0.0,False,481,3.8311345646437993
3,101467,0,vermelho,vermelho_discrete_cem,2,False,1.139621376991272,"[12, 8, 6]","a12 [fluid 2, vaso 2] -> a8 [fluid 1, vaso 3] -> a6 [fluid 1, vaso 1]",1.1396214559067201,1.0,True,714,0.0
3,101467,0,vermelho,vermelho_discrete_cem,3,False,1.117172122001648,"[22, 12, 22]","a22 [fluid 4, vaso 2] -> a12 [fluid 2, vaso 2] -> a22 [fluid 4, vaso 2]",1.1171720655579371,0.0,False,481,3.8311345646437993
3,101467,0,vermelho,vermelho_discrete_cem,4,False,1.0158442258834839,"[22, 12, 10]","a22 [fluid 4, vaso 2] -> a12 [fluid 2, vaso 2] -> a10 [fluid 2, vaso 0]",1.0158441960555473,0.0,False,396,5.906417112299465
3,101467,0,vermelho,vermelho_discrete_cem,5,False,0.9851763844490051,"[22, 13, 24]","a22 [fluid 4, vaso 2] -> a13 [fluid 2, vaso 3] -> a24 [fluid 4, vaso 4]",0.9851763394242735,0.0,False,481,3.8311345646437993
3,101467,1,vermelho,vermelho_discrete_cem,1,True,0.8924193382263184,"[20, 2, 14]","a20 [fluid 4, vaso 0] -> a2 [fluid 0, vaso 2] -> a14 [fluid 2, vaso 4]",0.8924192697711686,0.0,False,673,3.574837310195228
3,101467,1,vermelho,vermelho_discrete_cem,2,False,0.7176088094711304,"[15, 2, 22]","a15 [fluid 3, vaso 0] -> a2 [fluid 0, vaso 2] -> a22 [fluid 4, vaso 2]",0.7176088520694364,0.0,False,673,3.574837310195228
3,101467,1,vermelho,vermelho_discrete_cem,3,False,0.7154910564422607,"[5, 2, 2]","a5 [fluid 1, vaso 0] -> a2 [fluid 0, vaso 2] -> a2 [fluid 0, vaso 2]",0.7154910537224776,0.0,False,673,3.574837310195228
3,101467,1,vermelho,vermelho_discrete_cem,4,False,0.6852277517318726,"[20, 3, 13]","a20 [fluid 4, vaso 0] -> a3 [fluid 0, vaso 3] -> a13 [fluid 2, vaso 3]",0.6852277129711349,0.0,False,673,3.574837310195228
3,101467,1,vermelho,vermelho_discrete_cem,5,False,0.6330477595329285,"[20, 20, 5]","a20 [fluid 4, vaso 0] -> a20 [fluid 4, vaso 0] -> a5 [fluid 1, vaso 0]",0.6330477308201112,0.0,False,551,6.628289473684211
3,101467,2,vermelho,vermelho_discrete_cem,1,True,1.001347541809082,"[5, 8, 18]","a5 [fluid 1, vaso 0] -> a8 [fluid 1, vaso 3] -> a18 [fluid 3, vaso 3]",1.0013475963778604,0.0,False,705,7.844178082191781
3,101467,2,vermelho,vermelho_discrete_cem,2,False,0.7988523244857788,"[20, 2, 10]","a20 [fluid 4, vaso 0] -> a2 [fluid 0, vaso 2] -> a10 [fluid 2, vaso 0]",0.7988523034030062,0.0,False,659,6.257692307692308
3,101467,2,vermelho,vermelho_discrete_cem,3,False,0.787356436252594,"[20, 2, 21]","a20 [fluid 4, vaso 0] -> a2 [fluid 0, vaso 2] -> a21 [fluid 4, vaso 1]",0.7873563961467959,0.0,False,659,6.257692307692308
3,101467,2,vermelho,vermelho_discrete_cem,4,False,0.7420700788497925,"[20, 0, 14]","a20 [fluid 4, vaso 0] -> a0 [fluid 0, vaso 0] -> a14 [fluid 2, vaso 4]",0.7420700494940833,0.0,False,659,6.257692307692308
3,101467,2,vermelho,vermelho_discrete_cem,5,False,0.7322571873664856,"[20, 21, 22]","a20 [fluid 4, vaso 0] -> a21 [fluid 4, vaso 1] -> a22 [fluid 4, vaso 2]",0.7322571321580609,0.0,False,659,6.257692307692308
3,101467,3,vermelho,vermelho_discrete_cem,1,True,0.949374794960022,"[20, 12, 8]","a20 [fluid 4, vaso 0] -> a12 [fluid 2, vaso 2] -> a8 [fluid 1, vaso 3]",0.9493747774516053,0.0,False,705,7.844178082191781
3,101467,3,vermelho,vermelho_discrete_cem,2,False,0.7386772632598877,"[5, 2, 22]","a5 [fluid 1, vaso 0] -> a2 [fluid 0, vaso 2] -> a22 [fluid 4, vaso 2]",0.7386772536712743,0.0,False,705,7.844178082191781
3,101467,3,vermelho,vermelho_discrete_cem,3,False,0.7262837886810303,"[5, 0, 8]","a5 [fluid 1, vaso 0] -> a0 [fluid 0, vaso 0] -> a8 [fluid 1, vaso 3]",0.7262838121442599,0.0,False,705,7.844178082191781
3,101467,3,vermelho,vermelho_discrete_cem,4,False,0.6684596538543701,"[20, 20, 6]","a20 [fluid 4, vaso 0] -> a20 [fluid 4, vaso 0] -> a6 [fluid 1, vaso 1]",0.6684596227645891,0.0,False,705,7.844178082191781
3,101467,3,vermelho,vermelho_discrete_cem,5,False,0.6569885015487671,"[20, 1, 12]","a20 [fluid 4, vaso 0] -> a1 [fluid 0, vaso 1] -> a12 [fluid 2, vaso 2]",0.6569885042437503,0.0,False,705,7.844178082191781
3,101467,4,vermelho,vermelho_discrete_cem,1,True,1.211344599723816,"[20, 8, 22]","a20 [fluid 4, vaso 0] -> a8 [fluid 1, vaso 3] -> a22 [fluid 4, vaso 2]",1.2113444605859527,0.0,False,705,7.844178082191781
3,101467,4,vermelho,vermelho_discrete_cem,2,False,0.8027858734130859,"[20, 12, 22]","a20 [fluid 4, vaso 0] -> a12 [fluid 2, vaso 2] -> a22 [fluid 4, vaso 2]",0.8027858467405387,0.0,False,705,7.844178082191781
3,101467,4,vermelho,vermelho_discrete_cem,3,False,0.7581911087036133,"[10, 14, 20]","a10 [fluid 2, vaso 0] -> a14 [fluid 2, vaso 4] -> a20 [fluid 4, vaso 0]",0.7581910770814163,0.0,False,705,7.844178082191781
3,101467,4,vermelho,vermelho_discrete_cem,4,False,0.7035191059112549,"[20, 24, 1]","a20 [fluid 4, vaso 0] -> a24 [fluid 4, vaso 4] -> a1 [fluid 0, vaso 1]",0.703519087266455,0.0,False,705,7.844178082191781
3,101467,4,vermelho,vermelho_discrete_cem,5,False,0.6763944029808044,"[20, 5, 22]","a20 [fluid 4, vaso 0] -> a5 [fluid 1, vaso 0] -> a22 [fluid 4, vaso 2]",0.6763943686052515,1.0,True,714,0.0
3,101467,5,vermelho,vermelho_discrete_cem,1,True,1.0684504508972168,"[20, 8, 17]","a20 [fluid 4, vaso 0] -> a8 [fluid 1, vaso 3] -> a17 [fluid 3, vaso 2]",1.0684503980484774,0.0,False,478,10.14516129032258
3,101467,5,vermelho,vermelho_discrete_cem,2,False,1.04575777053833,"[10, 8, 0]","a10 [fluid 2, vaso 0] -> a8 [fluid 1, vaso 3] -> a0 [fluid 0, vaso 0]",1.0457576520266114,0.0,False,478,10.14516129032258
3,101467,5,vermelho,vermelho_discrete_cem,3,False,1.0144546031951904,"[10, 8, 15]","a10 [fluid 2, vaso 0] -> a8 [fluid 1, vaso 3] -> a15 [fluid 3, vaso 0]",1.0144544920894625,0.0,False,478,10.14516129032258
3,101467,5,vermelho,vermelho_discrete_cem,4,False,0.834734320640564,"[20, 22, 6]","a20 [fluid 4, vaso 0] -> a22 [fluid 4, vaso 2] -> a6 [fluid 1, vaso 1]",0.834734304939283,0.0,False,478,10.14516129032258
3,101467,5,vermelho,vermelho_discrete_cem,5,False,0.7307987809181213,"[20, 3, 24]","a20 [fluid 4, vaso 0] -> a3 [fluid 0, vaso 3] -> a24 [fluid 4, vaso 4]",0.7307987313211799,0.0,False,478,10.14516129032258
3,101467,6,vermelho,vermelho_discrete_cem,1,True,0.9055970311164856,"[15, 14, 8]","a15 [fluid 3, vaso 0] -> a14 [fluid 2, vaso 4] -> a8 [fluid 1, vaso 3]",0.9055969311418083,0.0,False,478,10.14516129032258
3,101467,6,vermelho,vermelho_discrete_cem,2,False,0.8636796474456787,"[20, 22, 3]","a20 [fluid 4, vaso 0] -> a22 [fluid 4, vaso 2] -> a3 [fluid 0, vaso 3]",0.863679594177687,0.0,False,478,10.14516129032258
3,101467,6,vermelho,vermelho_discrete_cem,3,False,0.7619236707687378,"[5, 22, 2]","a5 [fluid 1, vaso 0] -> a22 [fluid 4, vaso 2] -> a2 [fluid 0, vaso 2]",0.7619236087826254,0.0,False,478,10.14516129032258
3,101467,6,vermelho,vermelho_discrete_cem,4,False,0.7444561719894409,"[20, 18, 2]","a20 [fluid 4, vaso 0] -> a18 [fluid 3, vaso 3] -> a2 [fluid 0, vaso 2]",0.744456184321221,0.0,False,478,10.14516129032258
3,101467,6,vermelho,vermelho_discrete_cem,5,False,0.712853729724884,"[10, 2, 18]","a10 [fluid 2, vaso 0] -> a2 [fluid 0, vaso 2] -> a18 [fluid 3, vaso 3]",0.7128537519783058,0.0,False,478,10.14516129032258
3,101467,7,vermelho,vermelho_discrete_cem,1,True,1.002448320388794,"[10, 22, 8]","a10 [fluid 2, vaso 0] -> a22 [fluid 4, vaso 2] -> a8 [fluid 1, vaso 3]",1.0024483580126646,0.0,False,606,4.582474226804123
3,101467,7,vermelho,vermelho_discrete_cem,2,False,0.9344292879104614,"[20, 14, 14]","a20 [fluid 4, vaso 0] -> a14 [fluid 2, vaso 4] -> a14 [fluid 2, vaso 4]",0.9344292833428826,0.0,False,558,8.71081081081081
3,101467,7,vermelho,vermelho_discrete_cem,3,False,0.8079739212989807,"[20, 22, 15]","a20 [fluid 4, vaso 0] -> a22 [fluid 4, vaso 2] -> a15 [fluid 3, vaso 0]",0.8079738681401759,0.0,False,551,6.628289473684211
3,101467,7,vermelho,vermelho_discrete_cem,4,False,0.7399226427078247,"[20, 0, 22]","a20 [fluid 4, vaso 0] -> a0 [fluid 0, vaso 0] -> a22 [fluid 4, vaso 2]",0.7399225629212506,0.0,False,558,8.71081081081081
3,101467,7,vermelho,vermelho_discrete_cem,5,False,0.7006614208221436,"[5, 14, 3]","a5 [fluid 1, vaso 0] -> a14 [fluid 2, vaso 4] -> a3 [fluid 0, vaso 3]",0.7006614075570256,0.0,False,698,7.838068181818182
3,101467,8,vermelho,vermelho_discrete_cem,1,True,0.8866851329803467,"[20, 16, 8]","a20 [fluid 4, vaso 0] -> a16 [fluid 3, vaso 1] -> a8 [fluid 1, vaso 3]",0.8866851914660345,0.0,False,336,4.171568627450981
3,101467,8,vermelho,vermelho_discrete_cem,2,False,0.8675816655158997,"[20, 22, 12]","a20 [fluid 4, vaso 0] -> a22 [fluid 4, vaso 2] -> a12 [fluid 2, vaso 2]",0.8675816937819725,0.0,False,336,4.171568627450981
3,101467,8,vermelho,vermelho_discrete_cem,3,False,0.786740779876709,"[20, 24, 2]","a20 [fluid 4, vaso 0] -> a24 [fluid 4, vaso 4] -> a2 [fluid 0, vaso 2]",0.7867407834444132,0.0,False,336,4.171568627450981
3,101467,8,vermelho,vermelho_discrete_cem,4,False,0.7619932293891907,"[5, 22, 2]","a5 [fluid 1, vaso 0] -> a22 [fluid 4, vaso 2] -> a2 [fluid 0, vaso 2]",0.7619932431740744,0.0,False,355,6.17981072555205
3,101467,8,vermelho,vermelho_discrete_cem,5,False,0.7267897725105286,"[10, 2, 3]","a10 [fluid 2, vaso 0] -> a2 [fluid 0, vaso 2] -> a3 [fluid 0, vaso 3]",0.726789777724864,0.0,False,336,4.171568627450981
3,101467,9,vermelho,vermelho_discrete_cem,1,True,1.052440881729126,"[15, 8, 22]","a15 [fluid 3, vaso 0] -> a8 [fluid 1, vaso 3] -> a22 [fluid 4, vaso 2]",1.0524409520886158,0.0,False,392,4.563768115942029
3,101467,9,vermelho,vermelho_discrete_cem,2,False,0.9933914542198181,"[10, 14, 8]","a10 [fluid 2, vaso 0] -> a14 [fluid 2, vaso 4] -> a8 [fluid 1, vaso 3]",0.9933914905247274,0.0,False,343,9.726415094339623
3,101467,9,vermelho,vermelho_discrete_cem,3,False,0.9004430770874023,"[20, 10, 8]","a20 [fluid 4, vaso 0] -> a10 [fluid 2, vaso 0] -> a8 [fluid 1, vaso 3]",0.9004429974386476,0.0,False,299,11.941176470588236
3,101467,9,vermelho,vermelho_discrete_cem,4,False,0.7852032780647278,"[20, 2, 4]","a20 [fluid 4, vaso 0] -> a2 [fluid 0, vaso 2] -> a4 [fluid 0, vaso 4]",0.785203250633206,0.0,False,284,6.815618221258134
3,101467,9,vermelho,vermelho_discrete_cem,5,False,0.716907262802124,"[5, 22, 24]","a5 [fluid 1, vaso 0] -> a22 [fluid 4, vaso 2] -> a24 [fluid 4, vaso 4]",0.7169072555896873,0.0,False,371,3.441371681415929
3,101467,10,vermelho,vermelho_discrete_cem,1,True,0.8348323702812195,"[20, 22, 6]","a20 [fluid 4, vaso 0] -> a22 [fluid 4, vaso 2] -> a6 [fluid 1, vaso 1]",0.8348324551713374,0.0,False,356,9.870406189555126
3,101467,10,vermelho,vermelho_discrete_cem,2,False,0.7779567241668701,"[5, 24, 8]","a5 [fluid 1, vaso 0] -> a24 [fluid 4, vaso 4] -> a8 [fluid 1, vaso 3]",0.7779567780573721,0.0,False,392,4.563768115942029
3,101467,10,vermelho,vermelho_discrete_cem,3,False,0.7348250150680542,"[10, 14, 1]","a10 [fluid 2, vaso 0] -> a14 [fluid 2, vaso 4] -> a1 [fluid 0, vaso 1]",0.7348249293104047,0.0,False,392,4.563768115942029
3,101467,10,vermelho,vermelho_discrete_cem,4,False,0.6813002824783325,"[5, 22, 10]","a5 [fluid 1, vaso 0] -> a22 [fluid 4, vaso 2] -> a10 [fluid 2, vaso 0]",0.6813002401328775,0.0,False,392,4.563768115942029
3,101467,10,vermelho,vermelho_discrete_cem,5,False,0.657517671585083,"[20, 16, 20]","a20 [fluid 4, vaso 0] -> a16 [fluid 3, vaso 1] -> a20 [fluid 4, vaso 0]",0.6575176925785867,0.0,False,356,9.870406189555126
3,101467,11,vermelho,vermelho_discrete_cem,1,True,1.089707851409912,"[20, 8, 9]","a20 [fluid 4, vaso 0] -> a8 [fluid 1, vaso 3] -> a9 [fluid 1, vaso 4]",1.089707799137842,0.0,False,13,1.6848306332842415
3,101467,11,vermelho,vermelho_discrete_cem,2,False,1.039639949798584,"[10, 8, 6]","a10 [fluid 2, vaso 0] -> a8 [fluid 1, vaso 3] -> a6 [fluid 1, vaso 1]",1.0396400043575753,0.0,False,30,5.640483383685801
3,101467,11,vermelho,vermelho_discrete_cem,3,False,1.022013783454895,"[5, 8, 12]","a5 [fluid 1, vaso 0] -> a8 [fluid 1, vaso 3] -> a12 [fluid 2, vaso 2]",1.0220138638751977,0.0,False,24,2.753445635528331
3,101467,11,vermelho,vermelho_discrete_cem,4,False,0.9156404733657837,"[20, 22, 2]","a20 [fluid 4, vaso 0] -> a22 [fluid 4, vaso 2] -> a2 [fluid 0, vaso 2]",0.9156405046542215,0.0,False,13,1.6848306332842415
3,101467,11,vermelho,vermelho_discrete_cem,5,False,0.7772480249404907,"[20, 12, 2]","a20 [fluid 4, vaso 0] -> a12 [fluid 2, vaso 2] -> a2 [fluid 0, vaso 2]",0.7772480152322554,0.0,False,13,1.6848306332842415
3,101467,12,vermelho,vermelho_discrete_cem,1,True,1.1270360946655273,"[20, 8, 18]","a20 [fluid 4, vaso 0] -> a8 [fluid 1, vaso 3] -> a18 [fluid 3, vaso 3]",1.1270361062721819,0.0,False,67,3.297640653357532
3,101467,12,vermelho,vermelho_discrete_cem,2,False,1.1126223802566528,"[20, 8, 6]","a20 [fluid 4, vaso 0] -> a8 [fluid 1, vaso 3] -> a6 [fluid 1, vaso 1]",1.1126224794095565,0.0,False,67,3.297640653357532
3,101467,12,vermelho,vermelho_discrete_cem,3,False,0.9281209707260132,"[21, 2, 8]","a21 [fluid 4, vaso 1] -> a2 [fluid 0, vaso 2] -> a8 [fluid 1, vaso 3]",0.9281209748802399,0.0,False,67,3.297640653357532
3,101467,12,vermelho,vermelho_discrete_cem,4,False,0.7776933908462524,"[21, 2, 22]","a21 [fluid 4, vaso 1] -> a2 [fluid 0, vaso 2] -> a22 [fluid 4, vaso 2]",0.7776934327592487,0.0,False,67,3.297640653357532
3,101467,12,vermelho,vermelho_discrete_cem,5,False,0.7169606685638428,"[5, 22, 24]","a5 [fluid 1, vaso 0] -> a22 [fluid 4, vaso 2] -> a24 [fluid 4, vaso 4]",0.7169605587706508,0.0,False,67,3.297640653357532
3,101467,13,vermelho,vermelho_discrete_cem,1,True,1.1264936923980713,"[10, 8, 2]","a10 [fluid 2, vaso 0] -> a8 [fluid 1, vaso 3] -> a2 [fluid 0, vaso 2]",1.1264937259214405,0.0,False,636,3.895716945996276
3,101467,13,vermelho,vermelho_discrete_cem,2,False,1.0979502201080322,"[5, 8, 14]","a5 [fluid 1, vaso 0] -> a8 [fluid 1, vaso 3] -> a14 [fluid 2, vaso 4]",1.0979501883600784,0.0,False,639,10.230320699708455
3,101467,13,vermelho,vermelho_discrete_cem,3,False,1.0936392545700073,"[20, 8, 23]","a20 [fluid 4, vaso 0] -> a8 [fluid 1, vaso 3] -> a23 [fluid 4, vaso 3]",1.0936392996539113,0.0,False,677,2.9539007092198584
3,101467,13,vermelho,vermelho_discrete_cem,4,False,1.0303549766540527,"[5, 8, 24]","a5 [fluid 1, vaso 0] -> a8 [fluid 1, vaso 3] -> a24 [fluid 4, vaso 4]",1.0303549456367902,0.0,False,639,10.230320699708455
3,101467,13,vermelho,vermelho_discrete_cem,5,False,0.9521644711494446,"[10, 2, 8]","a10 [fluid 2, vaso 0] -> a2 [fluid 0, vaso 2] -> a8 [fluid 1, vaso 3]",0.9521644671838295,0.0,False,602,6.2716297786720325
3,101467,14,vermelho,vermelho_discrete_cem,1,True,2.1865553855895996,"[8, 8, 8]","a8 [fluid 1, vaso 3] -> a8 [fluid 1, vaso 3] -> a8 [fluid 1, vaso 3]",2.1865555190822175,0.0,False,216,5.714859437751004
3,101467,14,vermelho,vermelho_discrete_cem,2,False,1.6780763864517212,"[8, 14, 21]","a8 [fluid 1, vaso 3] -> a14 [fluid 2, vaso 4] -> a21 [fluid 4, vaso 1]",1.6780763593294385,0.0,False,216,5.714859437751004
3,101467,14,vermelho,vermelho_discrete_cem,3,False,1.473043441772461,"[8, 1, 23]","a8 [fluid 1, vaso 3] -> a1 [fluid 0, vaso 1] -> a23 [fluid 4, vaso 3]",1.47304355109145,0.0,False,216,5.714859437751004
3,101467,14,vermelho,vermelho_discrete_cem,4,False,1.0613170862197876,"[6, 8, 23]","a6 [fluid 1, vaso 1] -> a8 [fluid 1, vaso 3] -> a23 [fluid 4, vaso 3]",1.0613169891035004,1.0,True,714,0.0
3,101467,14,vermelho,vermelho_discrete_cem,5,False,0.7680312395095825,"[6, 24, 14]","a6 [fluid 1, vaso 1] -> a24 [fluid 4, vaso 4] -> a14 [fluid 2, vaso 4]",0.768031231937785,1.0,True,714,0.0
3,101467,15,vermelho,vermelho_discrete_cem,1,True,1.1266882419586182,"[22, 14, 23]","a22 [fluid 4, vaso 2] -> a14 [fluid 2, vaso 4] -> a23 [fluid 4, vaso 3]",1.1266882792693687,0.0,False,553,9.086206896551724
3,101467,15,vermelho,vermelho_discrete_cem,2,False,1.0781426429748535,"[22, 20, 22]","a22 [fluid 4, vaso 2] -> a20 [fluid 4, vaso 0] -> a22 [fluid 4, vaso 2]",1.0781425765288273,0.0,False,553,9.086206896551724
3,101467,15,vermelho,vermelho_discrete_cem,3,False,1.0459688901901245,"[22, 10, 2]","a22 [fluid 4, vaso 2] -> a10 [fluid 2, vaso 0] -> a2 [fluid 0, vaso 2]",1.0459688802008094,0.0,False,502,7.747368421052632
3,101467,15,vermelho,vermelho_discrete_cem,4,False,0.9769740700721741,"[22, 24, 17]","a22 [fluid 4, vaso 2] -> a24 [fluid 4, vaso 4] -> a17 [fluid 3, vaso 2]",0.9769740597322567,0.0,False,460,5.908408408408408
3,101467,15,vermelho,vermelho_discrete_cem,5,False,0.9568357467651367,"[22, 20, 7]","a22 [fluid 4, vaso 2] -> a20 [fluid 4, vaso 0] -> a7 [fluid 1, vaso 2]",0.9568357847922386,0.0,False,553,9.086206896551724
3,101467,16,vermelho,vermelho_discrete_cem,1,True,1.036400318145752,"[10, 8, 21]","a10 [fluid 2, vaso 0] -> a8 [fluid 1, vaso 3] -> a21 [fluid 4, vaso 1]",1.0364002056114527,0.0,False,502,7.747368421052632
3,101467,16,vermelho,vermelho_discrete_cem,2,False,0.920507550239563,"[17, 8, 3]","a17 [fluid 3, vaso 2] -> a8 [fluid 1, vaso 3] -> a3 [fluid 0, vaso 3]",0.920507537054947,0.0,False,588,12.57957957957958
3,101467,16,vermelho,vermelho_discrete_cem,3,False,0.7456426024436951,"[20, 24, 24]","a20 [fluid 4, vaso 0] -> a24 [fluid 4, vaso 4] -> a24 [fluid 4, vaso 4]",0.7456426409646069,0.0,False,549,8.071428571428571
3,101467,16,vermelho,vermelho_discrete_cem,4,False,0.7107530832290649,"[24, 16, 6]","a24 [fluid 4, vaso 4] -> a16 [fluid 3, vaso 1] -> a6 [fluid 1, vaso 1]",0.710753107561641,0.0,False,398,4.359567901234568
3,101467,16,vermelho,vermelho_discrete_cem,5,False,0.6754691004753113,"[24, 0, 5]","a24 [fluid 4, vaso 4] -> a0 [fluid 0, vaso 0] -> a5 [fluid 1, vaso 0]",0.6754690999416113,0.0,False,352,8.573055028462997
3,101467,17,vermelho,vermelho_discrete_cem,1,True,1.0193523168563843,"[10, 8, 23]","a10 [fluid 2, vaso 0] -> a8 [fluid 1, vaso 3] -> a23 [fluid 4, vaso 3]",1.019352441485771,0.0,False,502,7.747368421052632
3,101467,17,vermelho,vermelho_discrete_cem,2,False,0.7146807909011841,"[10, 22, 15]","a10 [fluid 2, vaso 0] -> a22 [fluid 4, vaso 2] -> a15 [fluid 3, vaso 0]",0.7146807496515021,0.0,False,502,7.747368421052632
3,101467,17,vermelho,vermelho_discrete_cem,3,False,0.7026302814483643,"[0, 2, 4]","a0 [fluid 0, vaso 0] -> a2 [fluid 0, vaso 2] -> a4 [fluid 0, vaso 4]",0.70263019504487,0.0,False,502,7.747368421052632
3,101467,17,vermelho,vermelho_discrete_cem,4,False,0.6586880087852478,"[0, 20, 2]","a0 [fluid 0, vaso 0] -> a20 [fluid 4, vaso 0] -> a2 [fluid 0, vaso 2]",0.658687976605989,0.0,False,502,7.747368421052632
3,101467,17,vermelho,vermelho_discrete_cem,5,False,0.6356035470962524,"[10, 24, 3]","a10 [fluid 2, vaso 0] -> a24 [fluid 4, vaso 4] -> a3 [fluid 0, vaso 3]",0.6356035659340961,0.0,False,502,7.747368421052632
3,101467,18,vermelho,vermelho_discrete_cem,1,True,0.8260115385055542,"[0, 18, 8]","a0 [fluid 0, vaso 0] -> a18 [fluid 3, vaso 3] -> a8 [fluid 1, vaso 3]",0.8260114554620439,0.0,False,106,7.846153846153846
3,101467,18,vermelho,vermelho_discrete_cem,2,False,0.7382774949073792,"[10, 22, 1]","a10 [fluid 2, vaso 0] -> a22 [fluid 4, vaso 2] -> a1 [fluid 0, vaso 1]",0.7382774475565702,0.0,False,106,7.846153846153846
3,101467,18,vermelho,vermelho_discrete_cem,3,False,0.6892910003662109,"[5, 22, 20]","a5 [fluid 1, vaso 0] -> a22 [fluid 4, vaso 2] -> a20 [fluid 4, vaso 0]",0.6892910640505647,0.0,False,106,7.846153846153846
3,101467,18,vermelho,vermelho_discrete_cem,4,False,0.6728556156158447,"[5, 15, 8]","a5 [fluid 1, vaso 0] -> a15 [fluid 3, vaso 0] -> a8 [fluid 1, vaso 3]",0.6728556971474329,0.0,False,106,7.846153846153846
3,101467,18,vermelho,vermelho_discrete_cem,5,False,0.652135968208313,"[0, 0, 22]","a0 [fluid 0, vaso 0] -> a0 [fluid 0, vaso 0] -> a22 [fluid 4, vaso 2]",0.6521358617362863,0.0,False,106,7.846153846153846
3,101467,19,vermelho,vermelho_discrete_cem,1,True,1.2711395025253296,"[0, 8, 8]","a0 [fluid 0, vaso 0] -> a8 [fluid 1, vaso 3] -> a8 [fluid 1, vaso 3]",1.271139532404745,0.0,False,106,7.846153846153846
3,101467,19,vermelho,vermelho_discrete_cem,2,False,0.9527584314346313,"[10, 2, 8]","a10 [fluid 2, vaso 0] -> a2 [fluid 0, vaso 2] -> a8 [fluid 1, vaso 3]",0.952758405098256,0.0,False,106,7.846153846153846
3,101467,19,vermelho,vermelho_discrete_cem,3,False,0.9453901052474976,"[5, 22, 8]","a5 [fluid 1, vaso 0] -> a22 [fluid 4, vaso 2] -> a8 [fluid 1, vaso 3]",0.9453902387952706,0.0,False,106,7.846153846153846
3,101467,19,vermelho,vermelho_discrete_cem,4,False,0.7961690425872803,"[10, 13, 8]","a10 [fluid 2, vaso 0] -> a13 [fluid 2, vaso 3] -> a8 [fluid 1, vaso 3]",0.796169013832492,0.0,False,106,7.846153846153846
3,101467,19,vermelho,vermelho_discrete_cem,5,False,0.7591068744659424,"[10, 7, 8]","a10 [fluid 2, vaso 0] -> a7 [fluid 1, vaso 2] -> a8 [fluid 1, vaso 3]",0.7591068683661657,0.0,False,106,7.846153846153846
3,101467,20,vermelho,vermelho_discrete_cem,1,True,1.1294007301330566,"[0, 8, 22]","a0 [fluid 0, vaso 0] -> a8 [fluid 1, vaso 3] -> a22 [fluid 4, vaso 2]",1.1294006979291262,0.0,False,5,6.040579710144928
3,101467,20,vermelho,vermelho_discrete_cem,2,False,0.9852705597877502,"[5, 8, 6]","a5 [fluid 1, vaso 0] -> a8 [fluid 1, vaso 3] -> a6 [fluid 1, vaso 1]",0.9852706256797693,0.0,False,130,7.92874109263658
3,101467,20,vermelho,vermelho_discrete_cem,3,False,0.791737973690033,"[0, 1, 8]","a0 [fluid 0, vaso 0] -> a1 [fluid 0, vaso 1] -> a8 [fluid 1, vaso 3]",0.7917379059093046,0.0,False,5,6.040579710144928
3,101467,20,vermelho,vermelho_discrete_cem,4,False,0.7780048847198486,"[10, 22, 12]","a10 [fluid 2, vaso 0] -> a22 [fluid 4, vaso 2] -> a12 [fluid 2, vaso 2]",0.7780048268646076,0.0,False,132,6.765661252900232
3,101467,20,vermelho,vermelho_discrete_cem,5,False,0.6356035470962524,"[10, 24, 3]","a10 [fluid 2, vaso 0] -> a24 [fluid 4, vaso 4] -> a3 [fluid 0, vaso 3]",0.6356035659340961,0.0,False,132,6.765661252900232
3,101467,21,vermelho,vermelho_discrete_cem,1,True,1.1300067901611328,"[0, 8, 14]","a0 [fluid 0, vaso 0] -> a8 [fluid 1, vaso 3] -> a14 [fluid 2, vaso 4]",1.130006768621444,0.0,False,5,6.040579710144928
3,101467,21,vermelho,vermelho_discrete_cem,2,False,0.8618373870849609,"[0, 12, 8]","a0 [fluid 0, vaso 0] -> a12 [fluid 2, vaso 2] -> a8 [fluid 1, vaso 3]",0.8618373559755645,0.0,False,5,6.040579710144928
3,101467,21,vermelho,vermelho_discrete_cem,3,False,0.8484212756156921,"[0, 14, 22]","a0 [fluid 0, vaso 0] -> a14 [fluid 2, vaso 4] -> a22 [fluid 4, vaso 2]",0.8484211602217973,0.0,False,5,6.040579710144928
3,101467,21,vermelho,vermelho_discrete_cem,4,False,0.7608703374862671,"[0, 22, 18]","a0 [fluid 0, vaso 0] -> a22 [fluid 4, vaso 2] -> a18 [fluid 3, vaso 3]",0.7608703310273037,0.0,False,5,6.040579710144928
3,101467,21,vermelho,vermelho_discrete_cem,5,False,0.7555630207061768,"[0, 14, 10]","a0 [fluid 0, vaso 0] -> a14 [fluid 2, vaso 4] -> a10 [fluid 2, vaso 0]",0.7555629206253631,0.0,False,5,6.040579710144928
3,101467,22,vermelho,vermelho_discrete_cem,1,True,1.0263992547988892,"[0, 8, 21]","a0 [fluid 0, vaso 0] -> a8 [fluid 1, vaso 3] -> a21 [fluid 4, vaso 1]",1.0263992145040204,0.0,False,163,6.93312101910828
3,101467,22,vermelho,vermelho_discrete_cem,2,False,0.8492627739906311,"[0, 14, 14]","a0 [fluid 0, vaso 0] -> a14 [fluid 2, vaso 4] -> a14 [fluid 2, vaso 4]",0.849262679491057,0.0,False,163,6.93312101910828
3,101467,22,vermelho,vermelho_discrete_cem,3,False,0.8485590815544128,"[0, 22, 22]","a0 [fluid 0, vaso 0] -> a22 [fluid 4, vaso 2] -> a22 [fluid 4, vaso 2]",0.8485590761750843,0.0,False,163,6.93312101910828
3,101467,22,vermelho,vermelho_discrete_cem,4,False,0.790137767791748,"[0, 21, 8]","a0 [fluid 0, vaso 0] -> a21 [fluid 4, vaso 1] -> a8 [fluid 1, vaso 3]",0.7901377190272028,0.0,False,163,6.93312101910828
3,101467,22,vermelho,vermelho_discrete_cem,5,False,0.7502043843269348,"[0, 22, 16]","a0 [fluid 0, vaso 0] -> a22 [fluid 4, vaso 2] -> a16 [fluid 3, vaso 1]",0.7502043866479583,0.0,False,163,6.93312101910828
3,101467,23,vermelho,vermelho_discrete_cem,1,True,1.0616861581802368,"[0, 8, 12]","a0 [fluid 0, vaso 0] -> a8 [fluid 1, vaso 3] -> a12 [fluid 2, vaso 2]",1.0616861359536127,0.0,False,563,7.078758949880668
3,101467,23,vermelho,vermelho_discrete_cem,2,False,1.0389716625213623,"[0, 8, 10]","a0 [fluid 0, vaso 0] -> a8 [fluid 1, vaso 3] -> a10 [fluid 2, vaso 0]",1.0389715688798296,0.0,False,563,7.078758949880668
3,101467,23,vermelho,vermelho_discrete_cem,3,False,1.0089302062988281,"[0, 8, 23]","a0 [fluid 0, vaso 0] -> a8 [fluid 1, vaso 3] -> a23 [fluid 4, vaso 3]",1.0089302139281382,0.0,False,563,7.078758949880668
3,101467,23,vermelho,vermelho_discrete_cem,4,False,0.7743759155273438,"[0, 22, 3]","a0 [fluid 0, vaso 0] -> a22 [fluid 4, vaso 2] -> a3 [fluid 0, vaso 3]",0.7743759558838056,0.0,False,563,7.078758949880668
3,101467,23,vermelho,vermelho_discrete_cem,5,False,0.7285693883895874,"[0, 22, 23]","a0 [fluid 0, vaso 0] -> a22 [fluid 4, vaso 2] -> a23 [fluid 4, vaso 3]",0.7285693842490183,0.0,False,563,7.078758949880668
3,101467,24,vermelho,vermelho_discrete_cem,1,True,1.1115880012512207,"[0, 8, 2]","a0 [fluid 0, vaso 0] -> a8 [fluid 1, vaso 3] -> a2 [fluid 0, vaso 2]",1.1115879223949934,0.0,False,563,7.078758949880668
3,101467,24,vermelho,vermelho_discrete_cem,2,False,1.0616861581802368,"[0, 8, 12]","a0 [fluid 0, vaso 0] -> a8 [fluid 1, vaso 3] -> a12 [fluid 2, vaso 2]",1.0616861359536127,0.0,False,563,7.078758949880668
3,101467,24,vermelho,vermelho_discrete_cem,3,False,1.0052677392959595,"[0, 8, 9]","a0 [fluid 0, vaso 0] -> a8 [fluid 1, vaso 3] -> a9 [fluid 1, vaso 4]",1.0052676312926216,0.0,False,563,7.078758949880668
3,101467,24,vermelho,vermelho_discrete_cem,4,False,0.7609031200408936,"[0, 7, 8]","a0 [fluid 0, vaso 0] -> a7 [fluid 1, vaso 2] -> a8 [fluid 1, vaso 3]",0.7609030881297774,0.0,False,563,7.078758949880668
3,101467,24,vermelho,vermelho_discrete_cem,5,False,0.7502043843269348,"[0, 22, 16]","a0 [fluid 0, vaso 0] -> a22 [fluid 4, vaso 2] -> a16 [fluid 3, vaso 1]",0.7502043866479583,0.0,False,563,7.078758949880668
3,101467,25,vermelho,vermelho_discrete_cem,1,True,1.1290949583053589,"[0, 8, 22]","a0 [fluid 0, vaso 0] -> a8 [fluid 1, vaso 3] -> a22 [fluid 4, vaso 2]",1.1290949055351853,0.0,False,178,12.295081967213116
3,101467,25,vermelho,vermelho_discrete_cem,2,False,1.0285017490386963,"[0, 8, 13]","a0 [fluid 0, vaso 0] -> a8 [fluid 1, vaso 3] -> a13 [fluid 2, vaso 3]",1.028501719418293,0.0,False,178,12.295081967213116
3,101467,25,vermelho,vermelho_discrete_cem,3,False,0.8280817270278931,"[0, 22, 2]","a0 [fluid 0, vaso 0] -> a22 [fluid 4, vaso 2] -> a2 [fluid 0, vaso 2]",0.8280817612059734,0.0,False,178,12.295081967213116
3,101467,25,vermelho,vermelho_discrete_cem,4,False,0.813767671585083,"[0, 10, 8]","a0 [fluid 0, vaso 0] -> a10 [fluid 2, vaso 0] -> a8 [fluid 1, vaso 3]",0.8137676222859684,0.0,False,178,12.295081967213116
3,101467,25,vermelho,vermelho_discrete_cem,5,False,0.8111065626144409,"[0, 2, 14]","a0 [fluid 0, vaso 0] -> a2 [fluid 0, vaso 2] -> a14 [fluid 2, vaso 4]",0.8111065379306939,0.0,False,178,12.295081967213116
3,101467,26,vermelho,vermelho_discrete_cem,1,True,1.069308876991272,"[0, 8, 24]","a0 [fluid 0, vaso 0] -> a8 [fluid 1, vaso 3] -> a24 [fluid 4, vaso 4]",1.0693088356403178,0.0,False,144,9.512534818941504
3,101467,26,vermelho,vermelho_discrete_cem,2,False,1.0287361145019531,"[0, 8, 6]","a0 [fluid 0, vaso 0] -> a8 [fluid 1, vaso 3] -> a6 [fluid 1, vaso 1]",1.0287360468221347,0.0,False,144,9.512534818941504
3,101467,26,vermelho,vermelho_discrete_cem,3,False,0.7912904024124146,"[0, 1, 8]","a0 [fluid 0, vaso 0] -> a1 [fluid 0, vaso 1] -> a8 [fluid 1, vaso 3]",0.7912903421715853,0.0,False,144,9.512534818941504
3,101467,26,vermelho,vermelho_discrete_cem,4,False,0.7160098552703857,"[0, 2, 10]","a0 [fluid 0, vaso 0] -> a2 [fluid 0, vaso 2] -> a10 [fluid 2, vaso 0]",0.7160098260324244,0.0,False,144,9.512534818941504
3,101467,26,vermelho,vermelho_discrete_cem,5,False,0.680190920829773,"[0, 20, 14]","a0 [fluid 0, vaso 0] -> a20 [fluid 4, vaso 0] -> a14 [fluid 2, vaso 4]",0.6801908962931869,0.0,False,144,9.512534818941504
3,101467,27,vermelho,vermelho_discrete_cem,1,True,1.0346829891204834,"[0, 8, 0]","a0 [fluid 0, vaso 0] -> a8 [fluid 1, vaso 3] -> a0 [fluid 0, vaso 0]",1.0346830238955484,0.0,False,546,7.879746835443038
3,101467,27,vermelho,vermelho_discrete_cem,2,False,1.0055487155914307,"[0, 8, 9]","a0 [fluid 0, vaso 0] -> a8 [fluid 1, vaso 3] -> a9 [fluid 1, vaso 4]",1.0055486907224735,0.0,False,546,7.879746835443038
3,101467,27,vermelho,vermelho_discrete_cem,3,False,0.7900403141975403,"[0, 2, 2]","a0 [fluid 0, vaso 0] -> a2 [fluid 0, vaso 2] -> a2 [fluid 0, vaso 2]",0.7900403312350868,0.0,False,546,7.879746835443038
3,101467,27,vermelho,vermelho_discrete_cem,4,False,0.7625799179077148,"[0, 22, 20]","a0 [fluid 0, vaso 0] -> a22 [fluid 4, vaso 2] -> a20 [fluid 4, vaso 0]",0.762579900292271,0.0,False,543,6.111111111111111
3,101467,27,vermelho,vermelho_discrete_cem,5,False,0.7409363389015198,"[0, 14, 4]","a0 [fluid 0, vaso 0] -> a14 [fluid 2, vaso 4] -> a4 [fluid 0, vaso 4]",0.7409363071454357,0.0,False,546,7.879746835443038
3,101467,28,vermelho,vermelho_discrete_cem,1,True,0.8489715456962585,"[0, 22, 14]","a0 [fluid 0, vaso 0] -> a22 [fluid 4, vaso 2] -> a14 [fluid 2, vaso 4]",0.8489714713794201,0.0,False,208,3.391705069124424
3,101467,28,vermelho,vermelho_discrete_cem,2,False,0.8111976385116577,"[0, 2, 14]","a0 [fluid 0, vaso 0] -> a2 [fluid 0, vaso 2] -> a14 [fluid 2, vaso 4]",0.8111976393178858,0.0,False,208,3.391705069124424
3,101467,28,vermelho,vermelho_discrete_cem,3,False,0.7748187184333801,"[0, 22, 3]","a0 [fluid 0, vaso 0] -> a22 [fluid 4, vaso 2] -> a3 [fluid 0, vaso 3]",0.7748186636213827,0.0,False,208,3.391705069124424
3,101467,28,vermelho,vermelho_discrete_cem,4,False,0.7455719113349915,"[0, 22, 6]","a0 [fluid 0, vaso 0] -> a22 [fluid 4, vaso 2] -> a6 [fluid 1, vaso 1]",0.7455718442623275,0.0,False,208,3.391705069124424
3,101467,28,vermelho,vermelho_discrete_cem,5,False,0.7131935954093933,"[0, 12, 22]","a0 [fluid 0, vaso 0] -> a12 [fluid 2, vaso 2] -> a22 [fluid 4, vaso 2]",0.7131936386985663,0.0,False,208,3.391705069124424
3,101467,29,vermelho,vermelho_discrete_cem,1,True,0.877872109413147,"[20, 1, 8]","a20 [fluid 4, vaso 0] -> a1 [fluid 0, vaso 1] -> a8 [fluid 1, vaso 3]",0.8778720507915174,0.0,False,16,5.053964757709252
3,101467,29,vermelho,vermelho_discrete_cem,2,False,0.8390815258026123,"[20, 14, 16]","a20 [fluid 4, vaso 0] -> a14 [fluid 2, vaso 4] -> a16 [fluid 3, vaso 1]",0.8390814700876136,0.0,False,16,5.053964757709252
3,101467,29,vermelho,vermelho_discrete_cem,3,False,0.8138418197631836,"[10, 10, 8]","a10 [fluid 2, vaso 0] -> a10 [fluid 2, vaso 0] -> a8 [fluid 1, vaso 3]",0.8138417854707327,0.0,False,4,13.433260393873086
3,101467,29,vermelho,vermelho_discrete_cem,4,False,0.7867022752761841,"[10, 1, 8]","a10 [fluid 2, vaso 0] -> a1 [fluid 0, vaso 1] -> a8 [fluid 1, vaso 3]",0.7867023050385542,0.0,False,10,12.685258964143426
3,101467,29,vermelho,vermelho_discrete_cem,5,False,0.7764148712158203,"[20, 2, 23]","a20 [fluid 4, vaso 0] -> a2 [fluid 0, vaso 2] -> a23 [fluid 4, vaso 3]",0.7764147900309191,0.0,False,16,5.053964757709252
3,101467,30,vermelho,vermelho_discrete_cem,1,True,0.8610830903053284,"[0, 12, 8]","a0 [fluid 0, vaso 0] -> a12 [fluid 2, vaso 2] -> a8 [fluid 1, vaso 3]",0.8610831194651538,1.0,True,714,0.0
3,101467,30,vermelho,vermelho_discrete_cem,2,False,0.8421352505683899,"[0, 24, 8]","a0 [fluid 0, vaso 0] -> a24 [fluid 4, vaso 4] -> a8 [fluid 1, vaso 3]",0.8421352665226631,1.0,True,714,0.0
3,101467,30,vermelho,vermelho_discrete_cem,3,False,0.7494922876358032,"[0, 2, 24]","a0 [fluid 0, vaso 0] -> a2 [fluid 0, vaso 2] -> a24 [fluid 4, vaso 4]",0.7494922986364299,1.0,True,714,0.0
3,101467,30,vermelho,vermelho_discrete_cem,4,False,0.7279082536697388,"[0, 22, 23]","a0 [fluid 0, vaso 0] -> a22 [fluid 4, vaso 2] -> a23 [fluid 4, vaso 3]",0.7279082522317334,1.0,True,714,0.0
3,101467,30,vermelho,vermelho_discrete_cem,5,False,0.6194993257522583,"[0, 24, 10]","a0 [fluid 0, vaso 0] -> a24 [fluid 4, vaso 4] -> a10 [fluid 2, vaso 0]",0.6194993364597947,1.0,True,714,0.0
3,101467,31,vermelho,vermelho_discrete_cem,1,True,1.1122071743011475,"[0, 8, 2]","a0 [fluid 0, vaso 0] -> a8 [fluid 1, vaso 3] -> a2 [fluid 0, vaso 2]",1.1122072397790015,1.0,True,714,0.0
3,101467,31,vermelho,vermelho_discrete_cem,2,False,1.0343562364578247,"[0, 8, 16]","a0 [fluid 0, vaso 0] -> a8 [fluid 1, vaso 3] -> a16 [fluid 3, vaso 1]",1.0343563533487887,1.0,True,714,0.0
3,101467,31,vermelho,vermelho_discrete_cem,3,False,0.8296293616294861,"[0, 14, 2]","a0 [fluid 0, vaso 0] -> a14 [fluid 2, vaso 4] -> a2 [fluid 0, vaso 2]",0.8296293422609226,1.0,True,714,0.0
3,101467,31,vermelho,vermelho_discrete_cem,4,False,0.7926109433174133,"[0, 13, 8]","a0 [fluid 0, vaso 0] -> a13 [fluid 2, vaso 3] -> a8 [fluid 1, vaso 3]",0.7926109337913763,1.0,True,714,0.0
3,101467,31,vermelho,vermelho_discrete_cem,5,False,0.7615574598312378,"[0, 22, 18]","a0 [fluid 0, vaso 0] -> a22 [fluid 4, vaso 2] -> a18 [fluid 3, vaso 3]",0.761557425644158,1.0,True,714,0.0
3,101467,32,vermelho,vermelho_discrete_cem,1,True,0.9518054723739624,"[0, 2, 8]","a0 [fluid 0, vaso 0] -> a2 [fluid 0, vaso 2] -> a8 [fluid 1, vaso 3]",0.9518054199601506,1.0,True,714,0.0
3,101467,32,vermelho,vermelho_discrete_cem,2,False,0.9381934404373169,"[5, 14, 8]","a5 [fluid 1, vaso 0] -> a14 [fluid 2, vaso 4] -> a8 [fluid 1, vaso 3]",0.9381933953000643,0.0,True,713,0.0
3,101467,32,vermelho,vermelho_discrete_cem,3,False,0.7990197539329529,"[5, 12, 8]","a5 [fluid 1, vaso 0] -> a12 [fluid 2, vaso 2] -> a8 [fluid 1, vaso 3]",0.799019749887476,0.0,True,713,0.0
3,101467,32,vermelho,vermelho_discrete_cem,4,False,0.679171085357666,"[0, 20, 22]","a0 [fluid 0, vaso 0] -> a20 [fluid 4, vaso 0] -> a22 [fluid 4, vaso 2]",0.6791710396066453,1.0,True,714,0.0
3,101467,32,vermelho,vermelho_discrete_cem,5,False,0.6330108642578125,"[5, 24, 14]","a5 [fluid 1, vaso 0] -> a24 [fluid 4, vaso 4] -> a14 [fluid 2, vaso 4]",0.6330108803881417,0.0,True,713,0.0
0,101444,0,roxo,roxo_discrete_cem,1,True,0.005164727568626404,"[21, 12, 23]","a21 [fluid 4, vaso 1] -> a12 [fluid 2, vaso 2] -> a23 [fluid 4, vaso 3]",0.005164712170566348,0.0,False,278,12.44100580270793
0,101444,0,roxo,roxo_discrete_cem,2,False,-0.029447661712765694,"[21, 18, 23]","a21 [fluid 4, vaso 1] -> a18 [fluid 3, vaso 3] -> a23 [fluid 4, vaso 3]",-0.029447666110782585,0.0,False,278,12.44100580270793
0,101444,0,roxo,roxo_discrete_cem,3,False,-0.050116054713726044,"[21, 3, 13]","a21 [fluid 4, vaso 1] -> a3 [fluid 0, vaso 3] -> a13 [fluid 2, vaso 3]",-0.050116047303325646,0.0,False,278,12.44100580270793
0,101444,0,roxo,roxo_discrete_cem,4,False,-0.05125466734170914,"[12, 18, 16]","a12 [fluid 2, vaso 2] -> a18 [fluid 3, vaso 3] -> a16 [fluid 3, vaso 1]",-0.05125468322045663,0.0,False,278,12.44100580270793
0,101444,0,roxo,roxo_discrete_cem,5,False,-0.12423893809318542,"[12, 11, 0]","a12 [fluid 2, vaso 2] -> a11 [fluid 2, vaso 1] -> a0 [fluid 0, vaso 0]",-0.12423895837458837,0.0,False,278,12.44100580270793
0,101444,1,roxo,roxo_discrete_cem,1,True,-0.05871697515249252,"[21, 2, 9]","a21 [fluid 4, vaso 1] -> a2 [fluid 0, vaso 2] -> a9 [fluid 1, vaso 4]",-0.05871697945733694,0.0,False,354,9.476190476190476
0,101444,1,roxo,roxo_discrete_cem,2,False,-0.06713515520095825,"[21, 8, 4]","a21 [fluid 4, vaso 1] -> a8 [fluid 1, vaso 3] -> a4 [fluid 0, vaso 4]",-0.06713515525806506,0.0,False,354,9.476190476190476
0,101444,1,roxo,roxo_discrete_cem,3,False,-0.08048417419195175,"[21, 9, 23]","a21 [fluid 4, vaso 1] -> a9 [fluid 1, vaso 4] -> a23 [fluid 4, vaso 3]",-0.08048417828742728,0.0,False,367,15.347826086956522
0,101444,1,roxo,roxo_discrete_cem,4,False,-0.14228059351444244,"[21, 5, 9]","a21 [fluid 4, vaso 1] -> a5 [fluid 1, vaso 0] -> a9 [fluid 1, vaso 4]",-0.14228059955756436,0.0,False,354,9.476190476190476
0,101444,1,roxo,roxo_discrete_cem,5,False,-0.15449082851409912,"[22, 21, 5]","a22 [fluid 4, vaso 2] -> a21 [fluid 4, vaso 1] -> a5 [fluid 1, vaso 0]",-0.15449083621010973,0.0,False,343,9.726415094339623
0,101444,2,roxo,roxo_discrete_cem,1,True,-0.04842990264296532,"[12, 10, 8]","a12 [fluid 2, vaso 2] -> a10 [fluid 2, vaso 0] -> a8 [fluid 1, vaso 3]",-0.0484299208561217,1.0,True,714,0.0
0,101444,2,roxo,roxo_discrete_cem,2,False,-0.07762007415294647,"[18, 21, 8]","a18 [fluid 3, vaso 3] -> a21 [fluid 4, vaso 1] -> a8 [fluid 1, vaso 3]",-0.07762007511255684,1.0,True,714,0.0
0,101444,2,roxo,roxo_discrete_cem,3,False,-0.0880197286605835,"[21, 16, 7]","a21 [fluid 4, vaso 1] -> a16 [fluid 3, vaso 1] -> a7 [fluid 1, vaso 2]",-0.08801972912639258,1.0,True,714,0.0
0,101444,2,roxo,roxo_discrete_cem,4,False,-0.08871258795261383,"[18, 21, 20]","a18 [fluid 3, vaso 3] -> a21 [fluid 4, vaso 1] -> a20 [fluid 4, vaso 0]",-0.08871258067709836,0.0,False,675,6.325842696629214
0,101444,2,roxo,roxo_discrete_cem,5,False,-0.10547001659870148,"[18, 22, 21]","a18 [fluid 3, vaso 3] -> a22 [fluid 4, vaso 2] -> a21 [fluid 4, vaso 1]",-0.10547001483488327,0.0,False,667,8.725856697819315
0,101444,3,roxo,roxo_discrete_cem,1,True,-0.039006903767585754,"[21, 12, 19]","a21 [fluid 4, vaso 1] -> a12 [fluid 2, vaso 2] -> a19 [fluid 3, vaso 4]",-0.039006919474137036,1.0,True,714,0.0
0,101444,3,roxo,roxo_discrete_cem,2,False,-0.0566728450357914,"[21, 2, 6]","a21 [fluid 4, vaso 1] -> a2 [fluid 0, vaso 2] -> a6 [fluid 1, vaso 1]",-0.05667284060781449,1.0,True,714,0.0
0,101444,3,roxo,roxo_discrete_cem,3,False,-0.06724831461906433,"[12, 13, 22]","a12 [fluid 2, vaso 2] -> a13 [fluid 2, vaso 3] -> a22 [fluid 4, vaso 2]",-0.06724833094262497,1.0,True,714,0.0
0,101444,3,roxo,roxo_discrete_cem,4,False,-0.0774558037519455,"[12, 8, 11]","a12 [fluid 2, vaso 2] -> a8 [fluid 1, vaso 3] -> a11 [fluid 2, vaso 1]",-0.07745581965899731,1.0,True,714,0.0
0,101444,3,roxo,roxo_discrete_cem,5,False,-0.07886173576116562,"[21, 6, 22]","a21 [fluid 4, vaso 1] -> a6 [fluid 1, vaso 1] -> a22 [fluid 4, vaso 2]",-0.07886173800950945,1.0,True,714,0.0
0,101444,4,roxo,roxo_discrete_cem,1,True,-0.08088965713977814,"[21, 0, 21]","a21 [fluid 4, vaso 1] -> a0 [fluid 0, vaso 0] -> a21 [fluid 4, vaso 1]",-0.08088965047398311,0.0,False,693,9.256281407035177
0,101444,4,roxo,roxo_discrete_cem,2,False,-0.08329004794359207,"[21, 6, 13]","a21 [fluid 4, vaso 1] -> a6 [fluid 1, vaso 1] -> a13 [fluid 2, vaso 3]",-0.083290048915367,0.0,False,693,9.256281407035177
0,101444,4,roxo,roxo_discrete_cem,3,False,-0.0990695059299469,"[12, 6, 20]","a12 [fluid 2, vaso 2] -> a6 [fluid 1, vaso 1] -> a20 [fluid 4, vaso 0]",-0.09906952019625243,1.0,True,714,0.0
0,101444,4,roxo,roxo_discrete_cem,4,False,-0.1239502876996994,"[12, 15, 24]","a12 [fluid 2, vaso 2] -> a15 [fluid 3, vaso 0] -> a24 [fluid 4, vaso 4]",-0.12395030298037107,1.0,True,714,0.0
0,101444,4,roxo,roxo_discrete_cem,5,False,-0.12406367063522339,"[18, 12, 17]","a18 [fluid 3, vaso 3] -> a12 [fluid 2, vaso 2] -> a17 [fluid 3, vaso 2]",-0.12406367797948269,0.0,True,713,0.0
0,101444,5,roxo,roxo_discrete_cem,1,True,-0.1187833622097969,"[22, 21, 3]","a22 [fluid 4, vaso 2] -> a21 [fluid 4, vaso 1] -> a3 [fluid 0, vaso 3]",-0.11878336577164789,0.0,False,640,7.246464646464647
0,101444,5,roxo,roxo_discrete_cem,2,False,-0.14504022896289825,"[10, 10, 9]","a10 [fluid 2, vaso 0] -> a10 [fluid 2, vaso 0] -> a9 [fluid 1, vaso 4]",-0.14504022397908772,0.0,False,667,8.725856697819315
0,101444,5,roxo,roxo_discrete_cem,3,False,-0.15316033363342285,"[23, 12, 18]","a23 [fluid 4, vaso 3] -> a12 [fluid 2, vaso 2] -> a18 [fluid 3, vaso 3]",-0.15316031411976902,0.0,False,667,8.725856697819315
0,101444,5,roxo,roxo_discrete_cem,4,False,-0.16979219019412994,"[22, 8, 22]","a22 [fluid 4, vaso 2] -> a8 [fluid 1, vaso 3] -> a22 [fluid 4, vaso 2]",-0.16979218965190965,0.0,False,647,3.8633405639913234
0,101444,5,roxo,roxo_discrete_cem,5,False,-0.17780649662017822,"[10, 8, 19]","a10 [fluid 2, vaso 0] -> a8 [fluid 1, vaso 3] -> a19 [fluid 3, vaso 4]",-0.1778065035191434,0.0,False,667,8.725856697819315
0,101444,6,roxo,roxo_discrete_cem,1,True,0.0037626177072525024,"[21, 12, 3]","a21 [fluid 4, vaso 1] -> a12 [fluid 2, vaso 2] -> a3 [fluid 0, vaso 3]",0.0037626213620360095,0.0,False,640,7.246464646464647
0,101444,6,roxo,roxo_discrete_cem,2,False,-0.041172392666339874,"[21, 18, 24]","a21 [fluid 4, vaso 1] -> a18 [fluid 3, vaso 3] -> a24 [fluid 4, vaso 4]",-0.04117239347794581,0.0,False,640,7.246464646464647
0,101444,6,roxo,roxo_discrete_cem,3,False,-0.04733870178461075,"[21, 23, 3]","a21 [fluid 4, vaso 1] -> a23 [fluid 4, vaso 3] -> a3 [fluid 0, vaso 3]",-0.047338683915398125,0.0,False,693,9.256281407035177
0,101444,6,roxo,roxo_discrete_cem,4,False,-0.05129783973097801,"[21, 2, 16]","a21 [fluid 4, vaso 1] -> a2 [fluid 0, vaso 2] -> a16 [fluid 3, vaso 1]",-0.05129784849121676,0.0,False,640,7.246464646464647
0,101444,6,roxo,roxo_discrete_cem,5,False,-0.06068437546491623,"[21, 22, 14]","a21 [fluid 4, vaso 1] -> a22 [fluid 4, vaso 2] -> a14 [fluid 2, vaso 4]",-0.06068437705421023,0.0,False,647,3.8633405639913234
0,101444,7,roxo,roxo_discrete_cem,1,True,-0.029679106548428535,"[21, 18, 2]","a21 [fluid 4, vaso 1] -> a18 [fluid 3, vaso 3] -> a2 [fluid 0, vaso 2]",-0.029679105181971237,0.0,False,672,4.473515248796148
0,101444,7,roxo,roxo_discrete_cem,2,False,-0.07237407565116882,"[21, 13, 14]","a21 [fluid 4, vaso 1] -> a13 [fluid 2, vaso 3] -> a14 [fluid 2, vaso 4]",-0.07237409801532632,0.0,False,672,4.473515248796148
0,101444,7,roxo,roxo_discrete_cem,3,False,-0.12770403921604156,"[10, 18, 13]","a10 [fluid 2, vaso 0] -> a18 [fluid 3, vaso 3] -> a13 [fluid 2, vaso 3]",-0.1277040623066899,1.0,True,714,0.0
0,101444,7,roxo,roxo_discrete_cem,4,False,-0.1614806354045868,"[10, 22, 15]","a10 [fluid 2, vaso 0] -> a22 [fluid 4, vaso 2] -> a15 [fluid 3, vaso 0]",-0.16148064013686753,1.0,True,714,0.0
0,101444,7,roxo,roxo_discrete_cem,5,False,-0.16267727315425873,"[22, 20, 21]","a22 [fluid 4, vaso 2] -> a20 [fluid 4, vaso 0] -> a21 [fluid 4, vaso 1]",-0.1626772772761849,0.0,False,647,3.8633405639913234
0,101444,8,roxo,roxo_discrete_cem,1,True,-0.14312773942947388,"[18, 14, 21]","a18 [fluid 3, vaso 3] -> a14 [fluid 2, vaso 4] -> a21 [fluid 4, vaso 1]",-0.14312772895693962,0.0,False,674,4.540752351097178
0,101444,8,roxo,roxo_discrete_cem,2,False,-0.1518077552318573,"[18, 3, 1]","a18 [fluid 3, vaso 3] -> a3 [fluid 0, vaso 3] -> a1 [fluid 0, vaso 1]",-0.1518077511745052,0.0,False,674,4.540752351097178
0,101444,8,roxo,roxo_discrete_cem,3,False,-0.1589440554380417,"[18, 18, 19]","a18 [fluid 3, vaso 3] -> a18 [fluid 3, vaso 3] -> a19 [fluid 3, vaso 4]",-0.15894405715552862,0.0,False,674,4.540752351097178
0,101444,8,roxo,roxo_discrete_cem,4,False,-0.1641763150691986,"[10, 8, 15]","a10 [fluid 2, vaso 0] -> a8 [fluid 1, vaso 3] -> a15 [fluid 3, vaso 0]",-0.16417630367477543,0.0,False,675,6.325842696629214
0,101444,8,roxo,roxo_discrete_cem,5,False,-0.16802015900611877,"[18, 4, 21]","a18 [fluid 3, vaso 3] -> a4 [fluid 0, vaso 4] -> a21 [fluid 4, vaso 1]",-0.16802015535621623,0.0,False,674,4.540752351097178
0,101444,9,roxo,roxo_discrete_cem,1,True,-0.14617794752120972,"[22, 3, 21]","a22 [fluid 4, vaso 2] -> a3 [fluid 0, vaso 3] -> a21 [fluid 4, vaso 1]",-0.14617794934684983,0.0,False,465,2.9154334038054968
0,101444,9,roxo,roxo_discrete_cem,2,False,-0.14808811247348785,"[10, 16, 18]","a10 [fluid 2, vaso 0] -> a16 [fluid 3, vaso 1] -> a18 [fluid 3, vaso 3]",-0.1480880972510002,0.0,False,465,2.9154334038054968
0,101444,9,roxo,roxo_discrete_cem,3,False,-0.1595844179391861,"[10, 24, 2]","a10 [fluid 2, vaso 0] -> a24 [fluid 4, vaso 4] -> a2 [fluid 0, vaso 2]",-0.15958441450628003,0.0,True,713,0.0
0,101444,9,roxo,roxo_discrete_cem,4,False,-0.16433095932006836,"[10, 6, 18]","a10 [fluid 2, vaso 0] -> a6 [fluid 1, vaso 1] -> a18 [fluid 3, vaso 3]",-0.16433094740789797,0.0,False,465,2.9154334038054968
0,101444,9,roxo,roxo_discrete_cem,5,False,-0.16638769209384918,"[22, 3, 10]","a22 [fluid 4, vaso 2] -> a3 [fluid 0, vaso 3] -> a10 [fluid 2, vaso 0]",-0.1663876913107346,0.0,False,412,2.631666666666667
0,101444,10,roxo,roxo_discrete_cem,1,True,-0.11384636908769608,"[10, 3, 21]","a10 [fluid 2, vaso 0] -> a3 [fluid 0, vaso 3] -> a21 [fluid 4, vaso 1]",-0.11384635119767432,0.0,False,411,6.149847094801223
0,101444,10,roxo,roxo_discrete_cem,2,False,-0.12795764207839966,"[10, 10, 23]","a10 [fluid 2, vaso 0] -> a10 [fluid 2, vaso 0] -> a23 [fluid 4, vaso 3]",-0.12795762671198843,0.0,False,440,7.120643431635389
0,101444,10,roxo,roxo_discrete_cem,3,False,-0.1537414789199829,"[10, 16, 22]","a10 [fluid 2, vaso 0] -> a16 [fluid 3, vaso 1] -> a22 [fluid 4, vaso 2]",-0.1537414586880695,0.0,False,411,6.149847094801223
0,101444,10,roxo,roxo_discrete_cem,4,False,-0.17355552315711975,"[10, 13, 7]","a10 [fluid 2, vaso 0] -> a13 [fluid 2, vaso 3] -> a7 [fluid 1, vaso 2]",-0.17355551641037573,0.0,False,411,6.149847094801223
0,101444,10,roxo,roxo_discrete_cem,5,False,-0.20212221145629883,"[10, 7, 16]","a10 [fluid 2, vaso 0] -> a7 [fluid 1, vaso 2] -> a16 [fluid 3, vaso 1]",-0.2021222257336272,0.0,False,411,6.149847094801223
0,101444,11,roxo,roxo_discrete_cem,1,True,-0.14808811247348785,"[10, 16, 18]","a10 [fluid 2, vaso 0] -> a16 [fluid 3, vaso 1] -> a18 [fluid 3, vaso 3]",-0.1480880972510002,0.0,False,175,6.6318458417849895
0,101444,11,roxo,roxo_discrete_cem,2,False,-0.15466435253620148,"[10, 16, 3]","a10 [fluid 2, vaso 0] -> a16 [fluid 3, vaso 1] -> a3 [fluid 0, vaso 3]",-0.15466433450211153,0.0,False,175,6.6318458417849895
0,101444,11,roxo,roxo_discrete_cem,3,False,-0.18281906843185425,"[22, 23, 15]","a22 [fluid 4, vaso 2] -> a23 [fluid 4, vaso 3] -> a15 [fluid 3, vaso 0]",-0.18281906772860382,0.0,False,315,4.86070215175538
0,101444,11,roxo,roxo_discrete_cem,4,False,-0.18295009434223175,"[22, 24, 22]","a22 [fluid 4, vaso 2] -> a24 [fluid 4, vaso 4] -> a22 [fluid 4, vaso 2]",-0.18295008793186573,0.0,False,185,4.165333333333334
0,101444,11,roxo,roxo_discrete_cem,5,False,-0.18903332948684692,"[22, 13, 16]","a22 [fluid 4, vaso 2] -> a13 [fluid 2, vaso 3] -> a16 [fluid 3, vaso 1]",-0.18903332132922648,0.0,False,175,6.6318458417849895
0,101444,12,roxo,roxo_discrete_cem,1,True,-0.14844143390655518,"[10, 13, 22]","a10 [fluid 2, vaso 0] -> a13 [fluid 2, vaso 3] -> a22 [fluid 4, vaso 2]",-0.14844143121097697,0.0,False,633,3.976991150442478
0,101444,12,roxo,roxo_discrete_cem,2,False,-0.1501581370830536,"[10, 6, 12]","a10 [fluid 2, vaso 0] -> a6 [fluid 1, vaso 1] -> a12 [fluid 2, vaso 2]",-0.1501581346577414,0.0,False,633,3.976991150442478
0,101444,12,roxo,roxo_discrete_cem,3,False,-0.16714611649513245,"[23, 12, 16]","a23 [fluid 4, vaso 3] -> a12 [fluid 2, vaso 2] -> a16 [fluid 3, vaso 1]",-0.1671461237299797,0.0,False,543,6.111111111111111
0,101444,12,roxo,roxo_discrete_cem,4,False,-0.1673637181520462,"[23, 21, 20]","a23 [fluid 4, vaso 3] -> a21 [fluid 4, vaso 1] -> a20 [fluid 4, vaso 0]",-0.16736372842243546,0.0,False,660,4.784761904761905
0,101444,12,roxo,roxo_discrete_cem,5,False,-0.17654864490032196,"[22, 2, 24]","a22 [fluid 4, vaso 2] -> a2 [fluid 0, vaso 2] -> a24 [fluid 4, vaso 4]",-0.17654863129438317,1.0,True,714,0.0
0,101444,13,roxo,roxo_discrete_cem,1,True,-0.1330236792564392,"[10, 2, 10]","a10 [fluid 2, vaso 0] -> a2 [fluid 0, vaso 2] -> a10 [fluid 2, vaso 0]",-0.1330237000971084,1.0,True,714,0.0
0,101444,13,roxo,roxo_discrete_cem,2,False,-0.14154453575611115,"[10, 8, 10]","a10 [fluid 2, vaso 0] -> a8 [fluid 1, vaso 3] -> a10 [fluid 2, vaso 0]",-0.1415445581617071,1.0,True,714,0.0
0,101444,13,roxo,roxo_discrete_cem,3,False,-0.1521289348602295,"[10, 22, 9]","a10 [fluid 2, vaso 0] -> a22 [fluid 4, vaso 2] -> a9 [fluid 1, vaso 4]",-0.15212894309242725,1.0,True,714,0.0
0,101444,13,roxo,roxo_discrete_cem,4,False,-0.16903690993785858,"[10, 7, 21]","a10 [fluid 2, vaso 0] -> a7 [fluid 1, vaso 2] -> a21 [fluid 4, vaso 1]",-0.16903691663354525,1.0,True,714,0.0
0,101444,13,roxo,roxo_discrete_cem,5,False,-0.17828765511512756,"[10, 11, 8]","a10 [fluid 2, vaso 0] -> a11 [fluid 2, vaso 1] -> a8 [fluid 1, vaso 3]",-0.17828767255877287,1.0,True,714,0.0
0,101444,14,roxo,roxo_discrete_cem,1,True,-0.08742570877075195,"[10, 21, 3]","a10 [fluid 2, vaso 0] -> a21 [fluid 4, vaso 1] -> a3 [fluid 0, vaso 3]",-0.0874257024886148,1.0,True,714,0.0
0,101444,14,roxo,roxo_discrete_cem,2,False,-0.09452125430107117,"[10, 12, 13]","a10 [fluid 2, vaso 0] -> a12 [fluid 2, vaso 2] -> a13 [fluid 2, vaso 3]",-0.09452125570778022,1.0,True,714,0.0
0,101444,14,roxo,roxo_discrete_cem,3,False,-0.12494264543056488,"[10, 18, 8]","a10 [fluid 2, vaso 0] -> a18 [fluid 3, vaso 3] -> a8 [fluid 1, vaso 3]",-0.12494263566431815,1.0,True,714,0.0
0,101444,14,roxo,roxo_discrete_cem,4,False,-0.14994321763515472,"[10, 13, 3]","a10 [fluid 2, vaso 0] -> a13 [fluid 2, vaso 3] -> a3 [fluid 0, vaso 3]",-0.1499432110461804,1.0,True,714,0.0
0,101444,14,roxo,roxo_discrete_cem,5,False,-0.15576167404651642,"[10, 23, 1]","a10 [fluid 2, vaso 0] -> a23 [fluid 4, vaso 3] -> a1 [fluid 0, vaso 1]",-0.15576167072444774,1.0,True,714,0.0
0,101444,15,roxo,roxo_discrete_cem,1,True,-0.17270246148109436,"[10, 15, 12]","a10 [fluid 2, vaso 0] -> a15 [fluid 3, vaso 0] -> a12 [fluid 2, vaso 2]",-0.17270244544153576,1.0,True,714,0.0
0,101444,15,roxo,roxo_discrete_cem,2,False,-0.17837610840797424,"[10, 14, 24]","a10 [fluid 2, vaso 0] -> a14 [fluid 2, vaso 4] -> a24 [fluid 4, vaso 4]",-0.1783761161167007,1.0,True,714,0.0
0,101444,15,roxo,roxo_discrete_cem,3,False,-0.1924370974302292,"[10, 7, 22]","a10 [fluid 2, vaso 0] -> a7 [fluid 1, vaso 2] -> a22 [fluid 4, vaso 2]",-0.19243709396782727,1.0,True,714,0.0
0,101444,15,roxo,roxo_discrete_cem,4,False,-0.20652064681053162,"[20, 21, 3]","a20 [fluid 4, vaso 0] -> a21 [fluid 4, vaso 1] -> a3 [fluid 0, vaso 3]",-0.20652065211251877,0.0,False,709,3.1413427561837457
0,101444,15,roxo,roxo_discrete_cem,5,False,-0.21608757972717285,"[10, 4, 14]","a10 [fluid 2, vaso 0] -> a4 [fluid 0, vaso 4] -> a14 [fluid 2, vaso 4]",-0.21608758252831362,1.0,True,714,0.0
1,100817,0,roxo,roxo_discrete_cem,1,True,-0.08309967815876007,"[12, 20, 3]","a12 [fluid 2, vaso 2] -> a20 [fluid 4, vaso 0] -> a3 [fluid 0, vaso 3]",-0.08309964266304977,0.0,False,463,7.432432432432432
1,100817,0,roxo,roxo_discrete_cem,2,False,-0.11819525063037872,"[22, 21, 22]","a22 [fluid 4, vaso 2] -> a21 [fluid 4, vaso 1] -> a22 [fluid 4, vaso 2]",-0.11819525345939297,0.0,False,230,4.5885558583106265
1,100817,0,roxo,roxo_discrete_cem,3,False,-0.12349192798137665,"[18, 23, 18]","a18 [fluid 3, vaso 3] -> a23 [fluid 4, vaso 3] -> a18 [fluid 3, vaso 3]",-0.1234919248341914,0.0,False,371,3.441371681415929
1,100817,0,roxo,roxo_discrete_cem,4,False,-0.15678995847702026,"[12, 19, 13]","a12 [fluid 2, vaso 2] -> a19 [fluid 3, vaso 4] -> a13 [fluid 2, vaso 3]",-0.1567899158573043,0.0,False,463,7.432432432432432
1,100817,0,roxo,roxo_discrete_cem,5,False,-0.15957361459732056,"[22, 23, 23]","a22 [fluid 4, vaso 2] -> a23 [fluid 4, vaso 3] -> a23 [fluid 4, vaso 3]",-0.1595736214120044,0.0,False,479,10.431174089068826
1,100817,1,roxo,roxo_discrete_cem,1,True,-0.008787337690591812,"[21, 21, 14]","a21 [fluid 4, vaso 1] -> a21 [fluid 4, vaso 1] -> a14 [fluid 2, vaso 4]",-0.00878733793318006,0.0,False,356,9.870406189555126
1,100817,1,roxo,roxo_discrete_cem,2,False,-0.018594931811094284,"[21, 21, 15]","a21 [fluid 4, vaso 1] -> a21 [fluid 4, vaso 1] -> a15 [fluid 3, vaso 0]",-0.01859493644537133,0.0,False,356,9.870406189555126
1,100817,1,roxo,roxo_discrete_cem,3,False,-0.02152802236378193,"[12, 21, 14]","a12 [fluid 2, vaso 2] -> a21 [fluid 4, vaso 1] -> a14 [fluid 2, vaso 4]",-0.02152799346054929,0.0,False,356,9.870406189555126
1,100817,1,roxo,roxo_discrete_cem,4,False,-0.0865926593542099,"[12, 6, 18]","a12 [fluid 2, vaso 2] -> a6 [fluid 1, vaso 1] -> a18 [fluid 3, vaso 3]",-0.08659263801709066,0.0,False,463,7.432432432432432
1,100817,1,roxo,roxo_discrete_cem,5,False,-0.11805213242769241,"[21, 0, 6]","a21 [fluid 4, vaso 1] -> a0 [fluid 0, vaso 0] -> a6 [fluid 1, vaso 1]",-0.11805213812645111,0.0,False,463,7.432432432432432
1,100817,2,roxo,roxo_discrete_cem,1,True,0.00812096893787384,"[21, 12, 10]","a21 [fluid 4, vaso 1] -> a12 [fluid 2, vaso 2] -> a10 [fluid 2, vaso 0]",0.008120976787277436,0.0,False,639,10.230320699708455
1,100817,2,roxo,roxo_discrete_cem,2,False,-0.004230637103319168,"[21, 21, 20]","a21 [fluid 4, vaso 1] -> a21 [fluid 4, vaso 1] -> a20 [fluid 4, vaso 0]",-0.004230638383850245,0.0,True,713,0.0
1,100817,2,roxo,roxo_discrete_cem,3,False,-0.03003150038421154,"[21, 18, 2]","a21 [fluid 4, vaso 1] -> a18 [fluid 3, vaso 3] -> a2 [fluid 0, vaso 2]",-0.030031500077741306,0.0,True,713,0.0
1,100817,2,roxo,roxo_discrete_cem,4,False,-0.03357623144984245,"[12, 2, 21]","a12 [fluid 2, vaso 2] -> a2 [fluid 0, vaso 2] -> a21 [fluid 4, vaso 1]",-0.033576198721476075,0.0,True,713,0.0
1,100817,2,roxo,roxo_discrete_cem,5,False,-0.06724993884563446,"[21, 18, 5]","a21 [fluid 4, vaso 1] -> a18 [fluid 3, vaso 3] -> a5 [fluid 1, vaso 0]",-0.06724994406887028,1.0,True,714,0.0
1,100817,3,roxo,roxo_discrete_cem,1,True,-0.0659104734659195,"[10, 12, 21]","a10 [fluid 2, vaso 0] -> a12 [fluid 2, vaso 2] -> a21 [fluid 4, vaso 1]",-0.06591047372844834,0.0,True,713,0.0
1,100817,3,roxo,roxo_discrete_cem,2,False,-0.09769011288881302,"[10, 21, 24]","a10 [fluid 2, vaso 0] -> a21 [fluid 4, vaso 1] -> a24 [fluid 4, vaso 4]",-0.09769012430838608,0.0,True,713,0.0
1,100817,3,roxo,roxo_discrete_cem,3,False,-0.15731897950172424,"[10, 24, 10]","a10 [fluid 2, vaso 0] -> a24 [fluid 4, vaso 4] -> a10 [fluid 2, vaso 0]",-0.15731899712088787,0.0,True,713,0.0
1,100817,3,roxo,roxo_discrete_cem,4,False,-0.17521345615386963,"[10, 13, 4]","a10 [fluid 2, vaso 0] -> a13 [fluid 2, vaso 3] -> a4 [fluid 0, vaso 4]",-0.17521346423293796,0.0,True,713,0.0
1,100817,3,roxo,roxo_discrete_cem,5,False,-0.18460983037948608,"[10, 24, 7]","a10 [fluid 2, vaso 0] -> a24 [fluid 4, vaso 4] -> a7 [fluid 1, vaso 2]",-0.1846098483728506,0.0,True,713,0.0
1,100817,4,roxo,roxo_discrete_cem,1,True,-0.10211877524852753,"[10, 12, 20]","a10 [fluid 2, vaso 0] -> a12 [fluid 2, vaso 2] -> a20 [fluid 4, vaso 0]",-0.10211878412644051,0.0,False,501,12.29325513196481
1,100817,4,roxo,roxo_discrete_cem,2,False,-0.136797234416008,"[10, 3, 23]","a10 [fluid 2, vaso 0] -> a3 [fluid 0, vaso 3] -> a23 [fluid 4, vaso 3]",-0.13679724441242638,0.0,False,443,7.525790349417638
1,100817,4,roxo,roxo_discrete_cem,3,False,-0.1445189118385315,"[10, 2, 24]","a10 [fluid 2, vaso 0] -> a2 [fluid 0, vaso 2] -> a24 [fluid 4, vaso 4]",-0.14451892887721204,0.0,False,394,10.225
1,100817,4,roxo,roxo_discrete_cem,4,False,-0.15490107238292694,"[10, 11, 21]","a10 [fluid 2, vaso 0] -> a11 [fluid 2, vaso 1] -> a21 [fluid 4, vaso 1]",-0.15490108751363196,0.0,False,285,4.3921875
1,100817,4,roxo,roxo_discrete_cem,5,False,-0.158589705824852,"[10, 13, 20]","a10 [fluid 2, vaso 0] -> a13 [fluid 2, vaso 3] -> a20 [fluid 4, vaso 0]",-0.15858971266804608,0.0,False,501,12.29325513196481
1,100817,5,roxo,roxo_discrete_cem,1,True,0.012463686987757683,"[21, 21, 10]","a21 [fluid 4, vaso 1] -> a21 [fluid 4, vaso 1] -> a10 [fluid 2, vaso 0]",0.012463659951285753,0.0,False,257,3.8856548856548856
1,100817,5,roxo,roxo_discrete_cem,2,False,-0.044119056314229965,"[21, 22, 22]","a21 [fluid 4, vaso 1] -> a22 [fluid 4, vaso 2] -> a22 [fluid 4, vaso 2]",-0.04411908706934622,0.0,False,97,7.029177718832892
1,100817,5,roxo,roxo_discrete_cem,3,False,-0.044867128133773804,"[21, 22, 2]","a21 [fluid 4, vaso 1] -> a22 [fluid 4, vaso 2] -> a2 [fluid 0, vaso 2]",-0.04486715892901028,0.0,False,100,4.582022471910112
1,100817,5,roxo,roxo_discrete_cem,4,False,-0.09195759892463684,"[21, 9, 24]","a21 [fluid 4, vaso 1] -> a9 [fluid 1, vaso 4] -> a24 [fluid 4, vaso 4]",-0.091957620966568,0.0,False,187,8.533783783783784
1,100817,5,roxo,roxo_discrete_cem,5,False,-0.09416805952787399,"[21, 1, 8]","a21 [fluid 4, vaso 1] -> a1 [fluid 0, vaso 1] -> a8 [fluid 1, vaso 3]",-0.09416808708958668,0.0,False,187,8.533783783783784
1,100817,6,roxo,roxo_discrete_cem,1,True,0.004828469827771187,"[21, 12, 23]","a21 [fluid 4, vaso 1] -> a12 [fluid 2, vaso 2] -> a23 [fluid 4, vaso 3]",0.00482842999342405,0.0,False,670,6.025145067698259
1,100817,6,roxo,roxo_discrete_cem,2,False,-0.04783199355006218,"[21, 24, 21]","a21 [fluid 4, vaso 1] -> a24 [fluid 4, vaso 4] -> a21 [fluid 4, vaso 1]",-0.047832026450747495,0.0,False,670,6.025145067698259
1,100817,6,roxo,roxo_discrete_cem,3,False,-0.06156096234917641,"[21, 10, 7]","a21 [fluid 4, vaso 1] -> a10 [fluid 2, vaso 0] -> a7 [fluid 1, vaso 2]",-0.06156098961675017,0.0,True,713,0.0
1,100817,6,roxo,roxo_discrete_cem,4,False,-0.07354100048542023,"[21, 13, 11]","a21 [fluid 4, vaso 1] -> a13 [fluid 2, vaso 3] -> a11 [fluid 2, vaso 1]",-0.07354103424683553,0.0,False,670,6.025145067698259
1,100817,6,roxo,roxo_discrete_cem,5,False,-0.08228330314159393,"[21, 13, 4]","a21 [fluid 4, vaso 1] -> a13 [fluid 2, vaso 3] -> a4 [fluid 0, vaso 4]",-0.08228332898857338,0.0,False,670,6.025145067698259
1,100817,7,roxo,roxo_discrete_cem,1,True,-0.12780243158340454,"[10, 13, 12]","a10 [fluid 2, vaso 0] -> a13 [fluid 2, vaso 3] -> a12 [fluid 2, vaso 2]",-0.1278024369180186,0.0,True,713,0.0
1,100817,7,roxo,roxo_discrete_cem,2,False,-0.1373792141675949,"[10, 2, 3]","a10 [fluid 2, vaso 0] -> a2 [fluid 0, vaso 2] -> a3 [fluid 0, vaso 3]",-0.13737921446762272,0.0,True,713,0.0
1,100817,7,roxo,roxo_discrete_cem,3,False,-0.14860205352306366,"[10, 16, 18]","a10 [fluid 2, vaso 0] -> a16 [fluid 3, vaso 1] -> a18 [fluid 3, vaso 3]",-0.14860204880418343,0.0,True,713,0.0
1,100817,7,roxo,roxo_discrete_cem,4,False,-0.15032601356506348,"[10, 8, 6]","a10 [fluid 2, vaso 0] -> a8 [fluid 1, vaso 3] -> a6 [fluid 1, vaso 1]",-0.1503260283651969,0.0,True,713,0.0
1,100817,7,roxo,roxo_discrete_cem,5,False,-0.16115117073059082,"[10, 22, 0]","a10 [fluid 2, vaso 0] -> a22 [fluid 4, vaso 2] -> a0 [fluid 0, vaso 0]",-0.16115116400241364,0.0,True,713,0.0
1,100817,8,roxo,roxo_discrete_cem,1,True,-0.13816308975219727,"[10, 24, 12]","a10 [fluid 2, vaso 0] -> a24 [fluid 4, vaso 4] -> a12 [fluid 2, vaso 2]",-0.13816308890393725,1.0,True,714,0.0
1,100817,8,roxo,roxo_discrete_cem,2,False,-0.13926365971565247,"[10, 18, 14]","a10 [fluid 2, vaso 0] -> a18 [fluid 3, vaso 3] -> a14 [fluid 2, vaso 4]",-0.13926364586968773,1.0,True,714,0.0
1,100817,8,roxo,roxo_discrete_cem,3,False,-0.1465471237897873,"[10, 10, 11]","a10 [fluid 2, vaso 0] -> a10 [fluid 2, vaso 0] -> a11 [fluid 2, vaso 1]",-0.1465471166374891,1.0,True,714,0.0
1,100817,8,roxo,roxo_discrete_cem,4,False,-0.168055921792984,"[10, 6, 23]","a10 [fluid 2, vaso 0] -> a6 [fluid 1, vaso 1] -> a23 [fluid 4, vaso 3]",-0.16805591016001942,1.0,True,714,0.0
1,100817,8,roxo,roxo_discrete_cem,5,False,-0.1933736801147461,"[10, 5, 12]","a10 [fluid 2, vaso 0] -> a5 [fluid 1, vaso 0] -> a12 [fluid 2, vaso 2]",-0.1933736797208321,1.0,True,714,0.0
2,100984,0,roxo,roxo_discrete_cem,1,True,-0.13428394496440887,"[10, 22, 23]","a10 [fluid 2, vaso 0] -> a22 [fluid 4, vaso 2] -> a23 [fluid 4, vaso 3]",-0.13428392621765525,0.0,False,682,8.797047970479705
2,100984,0,roxo,roxo_discrete_cem,2,False,-0.15377560257911682,"[10, 18, 4]","a10 [fluid 2, vaso 0] -> a18 [fluid 3, vaso 3] -> a4 [fluid 0, vaso 4]",-0.15377558946294312,0.0,False,682,8.797047970479705
2,100984,0,roxo,roxo_discrete_cem,3,False,-0.1707114428281784,"[18, 11, 22]","a18 [fluid 3, vaso 3] -> a11 [fluid 2, vaso 1] -> a22 [fluid 4, vaso 2]",-0.17071144584388298,0.0,False,710,1.965725806451613
2,100984,0,roxo,roxo_discrete_cem,4,False,-0.18163661658763885,"[8, 3, 22]","a8 [fluid 1, vaso 3] -> a3 [fluid 0, vaso 3] -> a22 [fluid 4, vaso 2]",-0.1816366295260582,1.0,True,714,0.0
2,100984,0,roxo,roxo_discrete_cem,5,False,-0.18945187330245972,"[18, 11, 11]","a18 [fluid 3, vaso 3] -> a11 [fluid 2, vaso 1] -> a11 [fluid 2, vaso 1]",-0.18945187776586886,0.0,False,710,1.965725806451613
2,100984,1,roxo,roxo_discrete_cem,1,True,-0.13151930272579193,"[10, 23, 18]","a10 [fluid 2, vaso 0] -> a23 [fluid 4, vaso 3] -> a18 [fluid 3, vaso 3]",-0.13151928952566355,0.0,False,540,8.767932489451477
2,100984,1,roxo,roxo_discrete_cem,2,False,-0.13529665768146515,"[10, 2, 22]","a10 [fluid 2, vaso 0] -> a2 [fluid 0, vaso 2] -> a22 [fluid 4, vaso 2]",-0.13529665649842665,0.0,False,540,8.767932489451477
2,100984,1,roxo,roxo_discrete_cem,3,False,-0.13709302246570587,"[10, 24, 21]","a10 [fluid 2, vaso 0] -> a24 [fluid 4, vaso 4] -> a21 [fluid 4, vaso 1]",-0.13709302881637875,0.0,False,540,8.767932489451477
2,100984,1,roxo,roxo_discrete_cem,4,False,-0.1761721670627594,"[10, 8, 17]","a10 [fluid 2, vaso 0] -> a8 [fluid 1, vaso 3] -> a17 [fluid 3, vaso 2]",-0.1761721713952059,0.0,False,540,8.767932489451477
2,100984,1,roxo,roxo_discrete_cem,5,False,-0.17717519402503967,"[10, 24, 11]","a10 [fluid 2, vaso 0] -> a24 [fluid 4, vaso 4] -> a11 [fluid 2, vaso 1]",-0.17717518930904724,0.0,False,540,8.767932489451477
2,100984,2,roxo,roxo_discrete_cem,1,True,-0.15997163951396942,"[10, 24, 8]","a10 [fluid 2, vaso 0] -> a24 [fluid 4, vaso 4] -> a8 [fluid 1, vaso 3]",-0.15997164166077005,0.0,False,589,6.925764192139738
2,100984,2,roxo,roxo_discrete_cem,2,False,-0.1761721670627594,"[10, 8, 17]","a10 [fluid 2, vaso 0] -> a8 [fluid 1, vaso 3] -> a17 [fluid 3, vaso 2]",-0.1761721713952059,0.0,False,589,6.925764192139738
2,100984,2,roxo,roxo_discrete_cem,3,False,-0.1850041002035141,"[20, 12, 12]","a20 [fluid 4, vaso 0] -> a12 [fluid 2, vaso 2] -> a12 [fluid 2, vaso 2]",-0.18500409885693458,0.0,False,440,7.120643431635389
2,100984,2,roxo,roxo_discrete_cem,4,False,-0.18716585636138916,"[10, 20, 7]","a10 [fluid 2, vaso 0] -> a20 [fluid 4, vaso 0] -> a7 [fluid 1, vaso 2]",-0.1871658610665558,0.0,False,589,6.925764192139738
2,100984,2,roxo,roxo_discrete_cem,5,False,-0.1968715786933899,"[10, 15, 3]","a10 [fluid 2, vaso 0] -> a15 [fluid 3, vaso 0] -> a3 [fluid 0, vaso 3]",-0.1968715701917738,0.0,False,589,6.925764192139738
2,100984,3,roxo,roxo_discrete_cem,1,True,-0.09355328232049942,"[10, 12, 13]","a10 [fluid 2, vaso 0] -> a12 [fluid 2, vaso 2] -> a13 [fluid 2, vaso 3]",-0.09355326377876218,0.0,False,527,5.298913043478261
2,100984,3,roxo,roxo_discrete_cem,2,False,-0.12770062685012817,"[10, 10, 23]","a10 [fluid 2, vaso 0] -> a10 [fluid 2, vaso 0] -> a23 [fluid 4, vaso 3]",-0.12770060618444476,0.0,False,527,5.298913043478261
2,100984,3,roxo,roxo_discrete_cem,3,False,-0.16171696782112122,"[10, 16, 16]","a10 [fluid 2, vaso 0] -> a16 [fluid 3, vaso 1] -> a16 [fluid 3, vaso 1]",-0.1617169758324221,0.0,False,527,5.298913043478261
2,100984,3,roxo,roxo_discrete_cem,4,False,-0.17358344793319702,"[10, 6, 13]","a10 [fluid 2, vaso 0] -> a6 [fluid 1, vaso 1] -> a13 [fluid 2, vaso 3]",-0.17358345770394967,0.0,False,527,5.298913043478261
2,100984,3,roxo,roxo_discrete_cem,5,False,-0.2290463149547577,"[10, 4, 4]","a10 [fluid 2, vaso 0] -> a4 [fluid 0, vaso 4] -> a4 [fluid 0, vaso 4]",-0.22904630389881636,0.0,False,527,5.298913043478261
2,100984,4,roxo,roxo_discrete_cem,1,True,-0.15900015830993652,"[10, 24, 22]","a10 [fluid 2, vaso 0] -> a24 [fluid 4, vaso 4] -> a22 [fluid 4, vaso 2]",-0.159000163628132,0.0,False,527,5.298913043478261
2,100984,4,roxo,roxo_discrete_cem,2,False,-0.17134320735931396,"[10, 14, 10]","a10 [fluid 2, vaso 0] -> a14 [fluid 2, vaso 4] -> a10 [fluid 2, vaso 0]",-0.1713432080798242,0.0,False,527,5.298913043478261
2,100984,4,roxo,roxo_discrete_cem,3,False,-0.17167681455612183,"[10, 22, 5]","a10 [fluid 2, vaso 0] -> a22 [fluid 4, vaso 2] -> a5 [fluid 1, vaso 0]",-0.17167680334937047,0.0,False,527,5.298913043478261
2,100984,4,roxo,roxo_discrete_cem,4,False,-0.19040152430534363,"[10, 1, 13]","a10 [fluid 2, vaso 0] -> a1 [fluid 0, vaso 1] -> a13 [fluid 2, vaso 3]",-0.19040154087468558,0.0,False,527,5.298913043478261
2,100984,4,roxo,roxo_discrete_cem,5,False,-0.19304794073104858,"[10, 0, 22]","a10 [fluid 2, vaso 0] -> a0 [fluid 0, vaso 0] -> a22 [fluid 4, vaso 2]",-0.19304792406533802,0.0,False,527,5.298913043478261
2,100984,5,roxo,roxo_discrete_cem,1,True,-0.0997227355837822,"[10, 18, 21]","a10 [fluid 2, vaso 0] -> a18 [fluid 3, vaso 3] -> a21 [fluid 4, vaso 1]",-0.09972273461431438,0.0,True,713,0.0
2,100984,5,roxo,roxo_discrete_cem,2,False,-0.10355065762996674,"[10, 21, 9]","a10 [fluid 2, vaso 0] -> a21 [fluid 4, vaso 1] -> a9 [fluid 1, vaso 4]",-0.10355065083651566,0.0,True,713,0.0
2,100984,5,roxo,roxo_discrete_cem,3,False,-0.13177327811717987,"[10, 3, 18]","a10 [fluid 2, vaso 0] -> a3 [fluid 0, vaso 3] -> a18 [fluid 3, vaso 3]",-0.13177327605537822,0.0,True,713,0.0
2,100984,5,roxo,roxo_discrete_cem,4,False,-0.136583149433136,"[10, 3, 23]","a10 [fluid 2, vaso 0] -> a3 [fluid 0, vaso 3] -> a23 [fluid 4, vaso 3]",-0.1365831355078125,0.0,True,713,0.0
2,100984,5,roxo,roxo_discrete_cem,5,False,-0.2077997773885727,"[10, 0, 6]","a10 [fluid 2, vaso 0] -> a0 [fluid 0, vaso 0] -> a6 [fluid 1, vaso 1]",-0.2077997642842422,0.0,True,713,0.0
2,100984,6,roxo,roxo_discrete_cem,1,True,-0.0820261761546135,"[10, 21, 10]","a10 [fluid 2, vaso 0] -> a21 [fluid 4, vaso 1] -> a10 [fluid 2, vaso 0]",-0.08202616864285864,0.0,True,713,0.0
2,100984,6,roxo,roxo_discrete_cem,2,False,-0.09845299273729324,"[10, 12, 16]","a10 [fluid 2, vaso 0] -> a12 [fluid 2, vaso 2] -> a16 [fluid 3, vaso 1]",-0.0984529991882566,0.0,True,713,0.0
2,100984,6,roxo,roxo_discrete_cem,3,False,-0.15467728674411774,"[10, 11, 21]","a10 [fluid 2, vaso 0] -> a11 [fluid 2, vaso 1] -> a21 [fluid 4, vaso 1]",-0.1546772832488983,0.0,True,713,0.0
2,100984,6,roxo,roxo_discrete_cem,4,False,-0.15829885005950928,"[10, 16, 13]","a10 [fluid 2, vaso 0] -> a16 [fluid 3, vaso 1] -> a13 [fluid 2, vaso 3]",-0.158298837669405,0.0,True,713,0.0
2,100984,6,roxo,roxo_discrete_cem,5,False,-0.1607441008090973,"[10, 22, 0]","a10 [fluid 2, vaso 0] -> a22 [fluid 4, vaso 2] -> a0 [fluid 0, vaso 0]",-0.16074409781031843,0.0,True,713,0.0
2,100984,7,roxo,roxo_discrete_cem,1,True,-0.14865300059318542,"[10, 13, 2]","a10 [fluid 2, vaso 0] -> a13 [fluid 2, vaso 3] -> a2 [fluid 0, vaso 2]",-0.1486529992028795,0.0,True,713,0.0
2,100984,7,roxo,roxo_discrete_cem,2,False,-0.15002819895744324,"[10, 22, 6]","a10 [fluid 2, vaso 0] -> a22 [fluid 4, vaso 2] -> a6 [fluid 1, vaso 1]",-0.1500281814321749,0.0,True,713,0.0
2,100984,7,roxo,roxo_discrete_cem,3,False,-0.1538664549589157,"[10, 3, 14]","a10 [fluid 2, vaso 0] -> a3 [fluid 0, vaso 3] -> a14 [fluid 2, vaso 4]",-0.1538664503071215,0.0,True,713,0.0
2,100984,7,roxo,roxo_discrete_cem,4,False,-0.1547509729862213,"[10, 16, 3]","a10 [fluid 2, vaso 0] -> a16 [fluid 3, vaso 1] -> a3 [fluid 0, vaso 3]",-0.15475097059209406,0.0,True,713,0.0
2,100984,7,roxo,roxo_discrete_cem,5,False,-0.16332964599132538,"[10, 3, 0]","a10 [fluid 2, vaso 0] -> a3 [fluid 0, vaso 3] -> a0 [fluid 0, vaso 0]",-0.16332963996762356,0.0,True,713,0.0
3,101467,0,roxo,roxo_discrete_cem,1,True,-0.0931437611579895,"[12, 14, 2]","a12 [fluid 2, vaso 2] -> a14 [fluid 2, vaso 4] -> a2 [fluid 0, vaso 2]",-0.09314378063205986,1.0,True,714,0.0
3,101467,0,roxo,roxo_discrete_cem,2,False,-0.11202527582645416,"[22, 21, 18]","a22 [fluid 4, vaso 2] -> a21 [fluid 4, vaso 1] -> a18 [fluid 3, vaso 3]",-0.11202526300969971,0.0,False,481,3.8311345646437993
3,101467,0,roxo,roxo_discrete_cem,3,False,-0.19647060334682465,"[10, 14, 0]","a10 [fluid 2, vaso 0] -> a14 [fluid 2, vaso 4] -> a0 [fluid 0, vaso 0]",-0.1964706095184376,0.0,False,628,3.5256673511293632
3,101467,0,roxo,roxo_discrete_cem,4,False,-0.19781921803951263,"[22, 7, 21]","a22 [fluid 4, vaso 2] -> a7 [fluid 1, vaso 2] -> a21 [fluid 4, vaso 1]",-0.1978192278581788,0.0,False,481,3.8311345646437993
3,101467,0,roxo,roxo_discrete_cem,5,False,-0.19832852482795715,"[10, 9, 0]","a10 [fluid 2, vaso 0] -> a9 [fluid 1, vaso 4] -> a0 [fluid 0, vaso 0]",-0.198328540081031,0.0,False,628,3.5256673511293632
